station_id,station_name,lat,lon,bikes_available,empty_docks,total_docks,pulled_at
BikePoints_1,"River Street , Clerkenwell",51.529163,-0.10997,3,12,19,2026-08-11T09:59:09.638673
BikePoints_2,"Phillimore Gardens, Kensington",51.499606,-0.197574,25,11,37,2026-08-11T09:59:09.638696
BikePoints_3,"Christopher Street, Liverpool Street",51.521283,-0.084605,15,17,32,2026-08-11T09:59:09.638700
BikePoints_4,"St. Chad's Street, King's Cross",51.530059,-0.120973,7,15,23,2026-08-11T09:59:09.638703
BikePoints_5,"Sedding Street, Sloane Square",51.49313,-0.156876,17,9,27,2026-08-11T09:59:09.638706
BikePoints_6,"Broadcasting House, Marylebone",51.518117,-0.144228,10,8,18,2026-08-11T09:59:09.638709
BikePoints_7,"Charlbert Street, St. John's Wood",51.5343,-0.168074,10,6,16,2026-08-11T09:59:09.638712
BikePoints_8,"Maida Vale, Maida Vale",51.529857,-0.183486,10,22,39,2026-08-11T09:59:09.638717
BikePoints_9,"New Globe Walk, Bankside",51.507385,-0.09644,11,7,19,2026-08-11T09:59:09.638721
BikePoints_10,"Park Street, Bankside",51.505974,-0.092754,3,14,18,2026-08-11T09:59:09.638725
BikePoints_11,"Brunswick Square, Bloomsbury",51.523951,-0.122502,15,9,24,2026-08-11T09:59:09.638728
BikePoints_12,"Malet Street, Bloomsbury",51.52168,-0.130431,23,23,49,2026-08-11T09:59:09.638731
BikePoints_13,"Scala Street, Fitzrovia",51.519914,-0.136039,7,14,21,2026-08-11T09:59:09.638734
BikePoints_14,"Argyle Street, Kings Cross",51.529416,-0.123944,21,24,45,2026-08-11T09:59:09.638736
BikePoints_15,"Great Russell Street, Bloomsbury",51.517727,-0.127854,10,14,26,2026-08-11T09:59:09.638738
BikePoints_16,"Cartwright Gardens , Bloomsbury",51.526357,-0.125979,9,11,21,2026-08-11T09:59:09.638741
BikePoints_17,"Hatton Wall, Holborn",51.521661,-0.109006,13,10,26,2026-08-11T09:59:09.638744
BikePoints_18,"Drury Lane, Covent Garden",51.51477,-0.122219,11,12,27,2026-08-11T09:59:09.638747
BikePoints_19,"Taviton Street, Bloomsbury",51.52505,-0.131161,15,10,30,2026-08-11T09:59:09.638750
BikePoints_20,"Drummond Street , Euston",51.527326,-0.136052,5,22,28,2026-08-11T09:59:09.638752
BikePoints_21,"Lansdowne Drive, Hackney Central",51.539834,-0.062806,3,22,26,2026-08-11T09:59:09.638755
BikePoints_22,"Northington Street , Holborn",51.522264,-0.114079,0,17,19,2026-08-11T09:59:09.638758
BikePoints_23,"Red Lion Square, Holborn",51.519435,-0.119123,8,8,16,2026-08-11T09:59:09.638760
BikePoints_24,"British Museum, Bloomsbury",51.51908,-0.124678,6,26,35,2026-08-11T09:59:09.638763
BikePoints_25,"Doric Way , Somers Town",51.528833,-0.13225,21,29,50,2026-08-11T09:59:09.638765
BikePoints_26,"Ampton Street , Clerkenwell",51.52728,-0.118295,7,14,21,2026-08-11T09:59:09.638768
BikePoints_28,"Bolsover Street, Fitzrovia",51.523518,-0.143613,11,5,19,2026-08-11T09:59:09.638771
BikePoints_29,"Hereford Road, Bayswater",51.513735,-0.193487,0,18,22,2026-08-11T09:59:09.638773
BikePoints_30,"Windsor Terrace, Hoxton",51.529154,-0.093421,4,19,24,2026-08-11T09:59:09.638776
BikePoints_31,"Fanshaw Street, Hoxton",51.529537,-0.083353,2,34,36,2026-08-11T09:59:09.638778
BikePoints_33,"Central House, Aldgate",51.515231,-0.07015,6,18,24,2026-08-11T09:59:09.638781
BikePoints_34,"Pancras Road, King's Cross",51.534123,-0.129386,6,10,16,2026-08-11T09:59:09.638783
BikePoints_36,"De Vere Gardens, Kensington",51.501737,-0.18498,4,22,28,2026-08-11T09:59:09.638785
BikePoints_37,"Penywern Road, Earl's Court",51.491593,-0.192369,5,12,17,2026-08-11T09:59:09.638788
BikePoints_38,"Abingdon Villas, Kensington",51.497387,-0.197245,1,16,17,2026-08-11T09:59:09.638791
BikePoints_39,"Shoreditch High Street, Shoreditch",51.526377,-0.07813,1,35,41,2026-08-11T09:59:09.638793
BikePoints_40,"Commercial Street, Shoreditch",51.52127,-0.075578,9,6,16,2026-08-11T09:59:09.638795
BikePoints_41,"Pindar Street, Liverpool Street",51.520955,-0.083493,20,2,24,2026-08-11T09:59:09.638798
BikePoints_42,"Wenlock Road , Hoxton",51.530991,-0.093903,14,12,28,2026-08-11T09:59:09.638801
BikePoints_43,"Crawford Street, Marylebone",51.52026,-0.157183,0,17,18,2026-08-11T09:59:09.638803
BikePoints_44,"Bruton Street, Mayfair",51.510736,-0.144165,18,3,21,2026-08-11T09:59:09.638805
BikePoints_45,"Boston Place, Marylebone",51.522511,-0.162298,11,9,26,2026-08-11T09:59:09.638808
BikePoints_46,"Nesham Street, Wapping",51.507131,-0.06691,1,7,16,2026-08-11T09:59:09.638811
BikePoints_47,"Warwick Avenue Station, Maida Vale",51.523344,-0.183846,1,17,19,2026-08-11T09:59:09.638814
BikePoints_48,"Godliman Street, St. Paul's",51.512484,-0.099141,12,12,25,2026-08-11T09:59:09.638816
BikePoints_49,"Curzon Street, Mayfair",51.507069,-0.145904,12,4,16,2026-08-11T09:59:09.638818
BikePoints_50,"East Road, Hoxton",51.528673,-0.087459,5,21,27,2026-08-11T09:59:09.638821
BikePoints_51,"Finsbury Library , Finsbury",51.526717,-0.104298,10,19,29,2026-08-11T09:59:09.638824
BikePoints_52,"Roscoe Street, St. Luke's",51.522954,-0.094934,1,17,18,2026-08-11T09:59:09.638827
BikePoints_53,"Grafton Street, Mayfair",51.509992,-0.143495,11,6,18,2026-08-11T09:59:09.638830
BikePoints_54,"Golden Lane, Barbican",51.521747,-0.094475,7,20,27,2026-08-11T09:59:09.638832
BikePoints_55,"Finsbury Circus, Liverpool Street",51.517075,-0.086685,14,15,33,2026-08-11T09:59:09.638836
BikePoints_56,"Paddington Street, Marylebone",51.520583,-0.154701,6,8,16,2026-08-11T09:59:09.638839
BikePoints_57,"Guilford Street , Bloomsbury",51.523346,-0.120202,12,16,32,2026-08-11T09:59:09.638841
BikePoints_58,"New Inn Yard, Shoreditch",51.524526,-0.079248,15,3,20,2026-08-11T09:59:09.638843
BikePoints_60,"Lisson Grove, St. John's Wood",51.526448,-0.17219,6,11,18,2026-08-11T09:59:09.638846
BikePoints_61,"Great Dover Street, The Borough",51.497382,-0.089446,3,28,33,2026-08-11T09:59:09.638848
BikePoints_62,"Cotton Garden Estate, Kennington",51.490757,-0.106323,8,16,24,2026-08-11T09:59:09.638851
BikePoints_63,"Murray Grove , Hoxton",51.53089,-0.089782,2,25,27,2026-08-11T09:59:09.638853
BikePoints_64,"William IV Street, Strand",51.509462,-0.124749,14,12,26,2026-08-11T09:59:09.638856
BikePoints_65,"Gower Place , Euston",51.525227,-0.135188,9,5,17,2026-08-11T09:59:09.638859
BikePoints_66,"Holborn Circus, Holborn",51.51795,-0.108657,26,11,40,2026-08-11T09:59:09.638861
BikePoints_67,"Hatton Garden, Holborn",51.518825,-0.108028,16,8,28,2026-08-11T09:59:09.638863
BikePoints_68,"Theobald's Road , Holborn",51.520596,-0.116688,6,19,26,2026-08-11T09:59:09.638866
BikePoints_69,"Euston Road, Euston",51.526236,-0.134407,1,19,24,2026-08-11T09:59:09.638869
BikePoints_70,"Calshot Street , King's Cross",51.53136,-0.117069,19,3,24,2026-08-11T09:59:09.638872
BikePoints_71,"Newgate Street , St. Paul's",51.515768,-0.099894,13,20,35,2026-08-11T09:59:09.638874
BikePoints_72,"Farringdon Lane, Clerkenwell",51.52352,-0.10834,12,1,16,2026-08-11T09:59:09.638877
BikePoints_73,"Old Street Station, St. Luke's",51.525615,-0.088532,24,3,34,2026-08-11T09:59:09.638881
BikePoints_74,"Vauxhall Cross, Vauxhall",51.485917,-0.124469,4,7,17,2026-08-11T09:59:09.638884
BikePoints_75,"Torrens Street, Angel",51.532199,-0.10548,0,16,19,2026-08-11T09:59:09.638887
BikePoints_76,"Longford Street, The Regent's Park",51.525595,-0.144083,9,11,21,2026-08-11T09:59:09.638889
BikePoints_77,"Russell Square Station, Bloomsbury",51.523418,-0.124121,5,20,26,2026-08-11T09:59:09.638892
BikePoints_78,"Sadlers Sports Centre, Finsbury",51.524868,-0.099489,7,8,17,2026-08-11T09:59:09.638895
BikePoints_79,"Arundel Street, Temple",51.511726,-0.113855,16,0,18,2026-08-11T09:59:09.638898
BikePoints_80,"Webber Street , Southwark",51.500693,-0.102091,10,33,45,2026-08-11T09:59:09.638903
BikePoints_81,"Great Titchfield Street, Fitzrovia",51.520253,-0.141327,6,13,19,2026-08-11T09:59:09.638906
BikePoints_83,"Panton Street, West End",51.509639,-0.13151,14,5,21,2026-08-11T09:59:09.638910
BikePoints_84,"Breams Buildings, Holborn",51.515937,-0.111778,9,15,25,2026-08-11T09:59:09.638913
BikePoints_85,"Tanner Street, Bermondsey",51.500647,-0.0786,5,35,41,2026-08-11T09:59:09.638915
BikePoints_86,"Sancroft Street, Vauxhall",51.489479,-0.115156,12,10,24,2026-08-11T09:59:09.638917
BikePoints_87,"Devonshire Square, Liverpool Street",51.516468,-0.079684,13,0,16,2026-08-11T09:59:09.638920
BikePoints_88,"Percy Street, Bloomsbury",51.51863,-0.132676,19,8,29,2026-08-11T09:59:09.638923
BikePoints_89,"Tavistock Place, Bloomsbury",51.52625,-0.123509,2,14,19,2026-08-11T09:59:09.638941
BikePoints_90,"Harrington Square 1, Camden Town",51.533019,-0.139174,9,16,27,2026-08-11T09:59:09.638944
BikePoints_91,"Walnut Tree Walk, Vauxhall",51.493686,-0.111014,5,14,20,2026-08-11T09:59:09.638947
BikePoints_92,"Borough Road, Elephant & Castle",51.498898,-0.10044,1,39,41,2026-08-11T09:59:09.638950
BikePoints_93,"Cloudesley Road, Angel",51.534408,-0.109025,21,15,37,2026-08-11T09:59:09.638955
BikePoints_94,"Bricklayers Arms, Borough",51.495061,-0.085814,1,23,28,2026-08-11T09:59:09.638958
BikePoints_95,"Aldersgate Street, Barbican",51.520841,-0.09734,3,12,15,2026-08-11T09:59:09.638961
BikePoints_96,"Falkirk Street, Hoxton",51.53095,-0.078505,0,25,26,2026-08-11T09:59:09.638964
BikePoints_97,"Gloucester Road (North), Kensington",51.497924,-0.183834,7,11,18,2026-08-11T09:59:09.638967
BikePoints_98,"Hampstead Road, Euston",51.525542,-0.138231,8,44,54,2026-08-11T09:59:09.638969
BikePoints_101,"Queen Street 1, Bank",51.511553,-0.09294,14,8,22,2026-08-11T09:59:09.638972
BikePoints_102,"Jewry Street, Aldgate",51.513406,-0.076793,15,0,17,2026-08-11T09:59:09.638976
BikePoints_103,"Vicarage Gate, Kensington",51.504723,-0.192538,2,16,18,2026-08-11T09:59:09.638979
BikePoints_104,"Crosswall, Tower",51.511594,-0.077121,24,6,34,2026-08-11T09:59:09.638983
BikePoints_105,"Westbourne Grove, Bayswater",51.515529,-0.19024,0,25,26,2026-08-11T09:59:09.638986
BikePoints_106,"Woodstock Street, Mayfair",51.514105,-0.147301,12,8,21,2026-08-11T09:59:09.638988
BikePoints_107,"Finsbury Leisure Centre, St. Luke's",51.526008,-0.096317,5,11,20,2026-08-11T09:59:09.638992
BikePoints_109,"Soho Square , Soho",51.515631,-0.132328,24,25,57,2026-08-11T09:59:09.638994
BikePoints_110,"Wellington Road, St. John's Wood",51.533043,-0.172528,2,15,17,2026-08-11T09:59:09.638998
BikePoints_111,"Park Lane , Hyde Park",51.510017,-0.157275,5,19,28,2026-08-11T09:59:09.639001
BikePoints_112,"Stonecutter Street, Holborn",51.515809,-0.10527,19,1,21,2026-08-11T09:59:09.639004
BikePoints_113,"Gloucester Road (Central), South Kensington",51.496462,-0.183289,0,17,19,2026-08-11T09:59:09.639007
BikePoints_114,"Park Road (Baker Street), The Regent's Park",51.524517,-0.158963,8,13,22,2026-08-11T09:59:09.639008
BikePoints_115,"Braham Street, Aldgate",51.514233,-0.073537,26,3,34,2026-08-11T09:59:09.639012
BikePoints_116,"Little Argyll Street, West End",51.514499,-0.141423,14,0,21,2026-08-11T09:59:09.639015
BikePoints_117,"Lollard Street, Vauxhall",51.49288,-0.114934,6,17,25,2026-08-11T09:59:09.639018
BikePoints_118,"Rochester Row, Westminster",51.495827,-0.135478,5,7,13,2026-08-11T09:59:09.639020
BikePoints_119,"Bath Street, St. Luke's",51.525893,-0.090847,2,14,18,2026-08-11T09:59:09.639023
BikePoints_120,"The Guildhall, Guildhall",51.515735,-0.09308,16,0,17,2026-08-11T09:59:09.639025
BikePoints_121,"Baker Street, Marylebone",51.518913,-0.156166,5,17,22,2026-08-11T09:59:09.639029
BikePoints_123,"St. John Street, Finsbury",51.52836,-0.104724,7,11,18,2026-08-11T09:59:09.639031
BikePoints_124,"Eaton Square, Belgravia",51.496544,-0.150905,10,7,18,2026-08-11T09:59:09.639033
BikePoints_125,"Borough High Street, The Borough",51.500694,-0.094524,7,14,21,2026-08-11T09:59:09.639035
BikePoints_126,"Museum of London, Barbican",51.517821,-0.096496,32,19,52,2026-08-11T09:59:09.639038
BikePoints_127,"Wood Street, Guildhall",51.517008,-0.093885,16,0,17,2026-08-11T09:59:09.639041
BikePoints_128,"Emperor's Gate, South Kensington",51.495362,-0.185296,9,12,22,2026-08-11T09:59:09.639043
BikePoints_129,"Golden Square, Soho",51.511897,-0.137043,9,5,18,2026-08-11T09:59:09.639046
BikePoints_130,"Tower Gardens , Tower",51.509506,-0.075459,21,0,24,2026-08-11T09:59:09.639051
BikePoints_131,"Eversholt Street , Camden Town",51.533005,-0.136792,11,3,16,2026-08-11T09:59:09.639054
BikePoints_132,"Bethnal Green Road, Shoreditch",51.523648,-0.074754,3,29,38,2026-08-11T09:59:09.639057
BikePoints_133,"Derry Street, Kensington",51.501364,-0.191462,11,7,18,2026-08-11T09:59:09.639059
BikePoints_134,"Wapping High Street, Wapping",51.504904,-0.06797,13,4,20,2026-08-11T09:59:09.639062
BikePoints_135,"Clerkenwell Green, Clerkenwell",51.52326,-0.104708,20,0,21,2026-08-11T09:59:09.639065
BikePoints_136,"Queen Victoria Street, St. Paul's",51.511961,-0.097441,10,18,32,2026-08-11T09:59:09.639069
BikePoints_138,"Green Street, Mayfair",51.512276,-0.157436,5,13,19,2026-08-11T09:59:09.639072
BikePoints_139,"Lambeth Road, Vauxhall",51.494881,-0.117974,8,8,18,2026-08-11T09:59:09.639075
BikePoints_140,"Finsbury Square , Moorgate",51.520962,-0.085634,2,27,33,2026-08-11T09:59:09.639079
BikePoints_141,"Chapel Place, Marylebone",51.515308,-0.147203,16,11,29,2026-08-11T09:59:09.639082
BikePoints_142,"West Cromwell Road, Earl's Court",51.493724,-0.198286,12,11,24,2026-08-11T09:59:09.639084
BikePoints_143,"Pont Street, Knightsbridge",51.496886,-0.161203,7,15,24,2026-08-11T09:59:09.639086
BikePoints_144,"Kennington Cross, Kennington",51.48894,-0.111435,33,11,47,2026-08-11T09:59:09.639089
BikePoints_145,"Ilchester Place, Kensington",51.500743,-0.202759,5,16,24,2026-08-11T09:59:09.639092
BikePoints_146,"Vauxhall Bridge , Pimlico",51.488365,-0.129361,1,34,35,2026-08-11T09:59:09.639094
BikePoints_147,"Portugal Street, Holborn",51.514943,-0.116146,13,2,16,2026-08-11T09:59:09.639097
BikePoints_148,"Tachbrook Street, Victoria",51.492111,-0.138364,2,14,16,2026-08-11T09:59:09.639100
BikePoints_149,"Kennington Road Post Office, Oval",51.484788,-0.110683,2,16,18,2026-08-11T09:59:09.639103
BikePoints_150,"Holy Trinity Brompton, Knightsbridge",51.497056,-0.168917,4,21,28,2026-08-11T09:59:09.639106
BikePoints_151,"Chepstow Villas, Notting Hill",51.512136,-0.201554,0,25,26,2026-08-11T09:59:09.639109
BikePoints_152,"Hampton Street, Walworth",51.49217,-0.101536,0,17,21,2026-08-11T09:59:09.639112
BikePoints_153,"Bayswater Road, Hyde Park",51.511933,-0.174411,17,8,27,2026-08-11T09:59:09.639115
BikePoints_154,"Waterloo Station 3, Waterloo",51.503791,-0.112824,0,29,35,2026-08-11T09:59:09.639118
BikePoints_155,"Lexham Gardens, Kensington",51.495866,-0.191933,4,14,19,2026-08-11T09:59:09.639120
BikePoints_156,"New Kent Road, The Borough",51.494436,-0.092921,0,31,33,2026-08-11T09:59:09.639123
BikePoints_157,"Wright's Lane, Kensington",51.500397,-0.193068,12,23,37,2026-08-11T09:59:09.639127
BikePoints_158,"Trebovir Road, Earl's Court",51.490853,-0.19617,7,10,18,2026-08-11T09:59:09.639130
BikePoints_160,"Waterloo Place, St. James's",51.506633,-0.131773,13,5,20,2026-08-11T09:59:09.639132
BikePoints_162,"Southampton Place, Holborn",51.517606,-0.121328,17,2,20,2026-08-11T09:59:09.639134
BikePoints_163,"Sloane Avenue, Knightsbridge",51.493184,-0.167894,1,26,27,2026-08-11T09:59:09.639137
BikePoints_164,"Cleveland Gardens, Bayswater",51.515607,-0.183118,0,13,16,2026-08-11T09:59:09.639140
BikePoints_165,"Orsett Terrace, Bayswater",51.517932,-0.183716,0,11,15,2026-08-11T09:59:09.639142
BikePoints_166,"Seville Street, Knightsbridge",51.501855,-0.159237,25,0,27,2026-08-11T09:59:09.639145
BikePoints_167,"Eccleston Place, Victoria",51.49395,-0.147624,14,4,19,2026-08-11T09:59:09.639148
BikePoints_168,"Argyll Road, Kensington",51.500401,-0.195455,10,9,19,2026-08-11T09:59:09.639151
BikePoints_169,"Porchester Place, Paddington",51.514746,-0.165164,5,10,18,2026-08-11T09:59:09.639154
BikePoints_170,"Hardwick Street, Clerkenwell",51.527842,-0.108068,13,15,30,2026-08-11T09:59:09.639157
BikePoints_171,"Collingham Gardens, Earl's Court",51.491615,-0.186753,5,7,14,2026-08-11T09:59:09.639159
BikePoints_172,"Sumner Place, South Kensington",51.491211,-0.173715,9,6,19,2026-08-11T09:59:09.639162
BikePoints_173,"Waterloo Road, South Bank",51.50486,-0.113001,5,9,15,2026-08-11T09:59:09.639165
BikePoints_175,"Worship Street, Shoreditch",51.521668,-0.079608,33,17,51,2026-08-11T09:59:09.639167
BikePoints_176,"Gloucester Terrace, Bayswater",51.517919,-0.188098,0,20,23,2026-08-11T09:59:09.639169
BikePoints_177,"Ashley Place, Victoria",51.49616,-0.140947,1,23,25,2026-08-11T09:59:09.639172
BikePoints_178,"Warwick Square, Pimlico",51.489856,-0.141923,5,11,19,2026-08-11T09:59:09.639175
BikePoints_180,"North Audley Street, Mayfair",51.512911,-0.153645,10,6,17,2026-08-11T09:59:09.639178
BikePoints_181,"Belgrave Square, Belgravia",51.499412,-0.152317,10,11,21,2026-08-11T09:59:09.639181
BikePoints_182,"Bell Street , Marylebone",51.522029,-0.165842,0,17,18,2026-08-11T09:59:09.639184
BikePoints_183,"Riverlight North, Nine Elms",51.482362,-0.136123,2,18,24,2026-08-11T09:59:09.639186
BikePoints_184,"Portland Place, Marylebone",51.520715,-0.145211,10,23,34,2026-08-11T09:59:09.639189
BikePoints_185,"Alderney Street, Pimlico",51.488057,-0.140741,8,3,14,2026-08-11T09:59:09.639196
BikePoints_186,"South Wharf Road, Paddington",51.517335,-0.17581,3,10,16,2026-08-11T09:59:09.639199
BikePoints_187,"Queen's Gate (South), South Kensington",51.492479,-0.178433,0,25,25,2026-08-11T09:59:09.639202
BikePoints_188,"Nutford Place, Marylebone",51.516517,-0.164393,2,14,18,2026-08-11T09:59:09.639206
BikePoints_189,"Claremont Square, Angel",51.531666,-0.109914,2,12,18,2026-08-11T09:59:09.639208
BikePoints_190,"Rampayne Street, Pimlico",51.489975,-0.132845,0,19,21,2026-08-11T09:59:09.639211
BikePoints_191,"Hyde Park Corner, Hyde Park",51.503117,-0.15352,3,30,36,2026-08-11T09:59:09.639213
BikePoints_192,"Wardour Street, Soho",51.512515,-0.133201,6,8,16,2026-08-11T09:59:09.639216
BikePoints_193,"Bankside Mix, Bankside",51.505817,-0.100186,26,33,60,2026-08-11T09:59:09.639219
BikePoints_194,"Hop Exchange, The Borough",51.504627,-0.091773,11,41,55,2026-08-11T09:59:09.639223
BikePoints_195,"Milroy Walk, South Bank",51.507244,-0.106237,18,12,30,2026-08-11T09:59:09.639226
BikePoints_196,"Union Street, The Borough",51.503688,-0.098497,13,3,17,2026-08-11T09:59:09.639229
BikePoints_197,"Stamford Street, South Bank",51.505569,-0.111606,7,16,27,2026-08-11T09:59:09.639232
BikePoints_199,"Great Tower Street, Monument",51.510484,-0.082989,21,2,24,2026-08-11T09:59:09.639235
BikePoints_200,"LMU Commercial Road, Whitechapel",51.514924,-0.066078,1,13,14,2026-08-11T09:59:09.639238
BikePoints_201,"Dorset Square, Marylebone",51.522596,-0.161113,2,12,16,2026-08-11T09:59:09.639242
BikePoints_202,"Leman Street, Aldgate",51.512363,-0.069542,0,36,37,2026-08-11T09:59:09.639246
BikePoints_203,"West Smithfield Rotunda, Farringdon",51.518218,-0.100791,12,1,15,2026-08-11T09:59:09.639249
BikePoints_204,"Margery Street, Clerkenwell",51.526599,-0.112432,3,14,19,2026-08-11T09:59:09.639252
BikePoints_206,"New Road 1 , Whitechapel",51.518154,-0.062697,32,1,36,2026-08-11T09:59:09.639254
BikePoints_207,"Grosvenor Crescent, Belgravia",51.501352,-0.153194,8,9,18,2026-08-11T09:59:09.639256
BikePoints_208,"Mallory Street, Marylebone",51.525051,-0.166304,5,12,20,2026-08-11T09:59:09.639259
BikePoints_209,"Denyer Street, Knightsbridge",51.493583,-0.165101,0,27,30,2026-08-11T09:59:09.639262
BikePoints_210,"Hinde Street, Marylebone",51.516814,-0.151926,14,6,21,2026-08-11T09:59:09.639265
BikePoints_211,"Cadogan Place, Knightsbridge",51.494645,-0.158105,6,28,34,2026-08-11T09:59:09.639267
BikePoints_212,"Campden Hill Road, Notting Hill",51.506584,-0.199004,5,10,17,2026-08-11T09:59:09.639270
BikePoints_213,"Wellington Arch, Hyde Park",51.50274,-0.149569,8,25,36,2026-08-11T09:59:09.639272
BikePoints_214,"Endsleigh Gardens, Euston",51.526838,-0.130504,17,12,32,2026-08-11T09:59:09.639274
BikePoints_215,"Moorfields, Moorgate",51.519069,-0.088285,35,17,54,2026-08-11T09:59:09.639277
BikePoints_216,"Old Brompton Road, South Kensington",51.490945,-0.18119,3,26,30,2026-08-11T09:59:09.639280
BikePoints_217,"Wormwood Street, Liverpool Street",51.516154,-0.082422,13,1,16,2026-08-11T09:59:09.639282
BikePoints_218,"St. Luke's Church, Chelsea",51.489716,-0.170194,9,11,20,2026-08-11T09:59:09.639285
BikePoints_219,"Bramham Gardens, Earl's Court",51.490163,-0.190393,2,26,29,2026-08-11T09:59:09.639289
BikePoints_220,"Chelsea Green, Chelsea",51.490664,-0.166485,1,13,15,2026-08-11T09:59:09.639292
BikePoints_221,"Horseferry Road, Westminster",51.494816,-0.130458,11,4,16,2026-08-11T09:59:09.639296
BikePoints_222,"Knightsbridge, Hyde Park",51.502757,-0.155349,26,16,43,2026-08-11T09:59:09.639298
BikePoints_223,"Rodney Road , Walworth",51.491484,-0.09022,9,15,24,2026-08-11T09:59:09.639301
BikePoints_224,"Queensway, Kensington Gardens",51.51031,-0.187402,1,14,17,2026-08-11T09:59:09.639304
BikePoints_225,"Notting Hill Gate Station, Notting Hill",51.509353,-0.196422,2,24,30,2026-08-11T09:59:09.639307
BikePoints_226,"Charles II Street, West End",51.508446,-0.131961,19,3,24,2026-08-11T09:59:09.639309
BikePoints_227,"Great Percy Street, Clerkenwell",51.528915,-0.11548,7,14,23,2026-08-11T09:59:09.639311
BikePoints_228,"St. James's Square, St. James's",51.507424,-0.134621,18,20,40,2026-08-11T09:59:09.639314
BikePoints_229,"Whitehall Place, Strand",51.506543,-0.123179,31,13,46,2026-08-11T09:59:09.639317
BikePoints_230,"Poured Lines, Bankside",51.506692,-0.103137,2,29,31,2026-08-11T09:59:09.639320
BikePoints_231,"Queen's Gate (Central), South Kensington",51.493967,-0.178732,7,24,31,2026-08-11T09:59:09.639322
BikePoints_232,"Carey Street, Holborn",51.51501,-0.112753,14,2,16,2026-08-11T09:59:09.639325
BikePoints_233,"Pall Mall East, West End",51.50777,-0.130699,20,0,22,2026-08-11T09:59:09.639328
BikePoints_234,"Liverpool Road (N1 Centre), Angel",51.534504,-0.106992,2,18,24,2026-08-11T09:59:09.639331
BikePoints_235,"Kennington Road, Vauxhall",51.495718,-0.110889,9,27,36,2026-08-11T09:59:09.639333
BikePoints_236,"Fashion Street, Whitechapel",51.51838,-0.073438,2,27,30,2026-08-11T09:59:09.639336
BikePoints_237,"Dock Street, Wapping",51.509786,-0.068161,2,25,30,2026-08-11T09:59:09.639339
BikePoints_238,"Frampton Street, Paddington",51.523353,-0.175116,1,30,32,2026-08-11T09:59:09.639342
BikePoints_239,"Warren Street Station, Euston",51.524438,-0.138019,10,10,26,2026-08-11T09:59:09.639344
BikePoints_240,"Colombo Street, Southwark",51.505459,-0.105692,6,8,14,2026-08-11T09:59:09.639348
BikePoints_242,"Beaumont Street, Marylebone",51.522008,-0.151359,8,15,23,2026-08-11T09:59:09.639351
BikePoints_243,"Gloucester Street, Pimlico",51.490962,-0.139625,0,22,25,2026-08-11T09:59:09.639354
BikePoints_244,"Bucknall Street, Covent Garden",51.51615,-0.128417,14,0,18,2026-08-11T09:59:09.639356
BikePoints_245,"Grosvenor Road, Pimlico",51.485357,-0.142207,3,25,29,2026-08-11T09:59:09.639359
BikePoints_246,"Berry Street, Clerkenwell",51.522853,-0.099994,11,26,41,2026-08-11T09:59:09.639362
BikePoints_247,"St. John's Wood Church, The Regent's Park",51.530529,-0.167515,16,33,50,2026-08-11T09:59:09.639365
BikePoints_248,"Triangle Car Park, Hyde Park",51.506451,-0.170279,16,8,27,2026-08-11T09:59:09.639367
BikePoints_249,"Harper Road, The Borough",51.498597,-0.096191,8,33,42,2026-08-11T09:59:09.639370
BikePoints_250,"Royal Avenue 1, Chelsea",51.489932,-0.162727,0,10,10,2026-08-11T09:59:09.639373
BikePoints_251,"Brushfield Street, Liverpool Street",51.518908,-0.079249,19,11,34,2026-08-11T09:59:09.639375
BikePoints_253,"Shoreditch Park, Hoxton",51.534042,-0.086379,1,27,30,2026-08-11T09:59:09.639378
BikePoints_254,"Chadwell Street, Angel",51.530515,-0.106408,2,15,18,2026-08-11T09:59:09.639380
BikePoints_255,"Clifton Road, Maida Vale",51.525575,-0.179592,2,18,22,2026-08-11T09:59:09.639382
BikePoints_256,"Houghton Street, Strand",51.51362,-0.116764,12,0,15,2026-08-11T09:59:09.639386
BikePoints_257,"Westminster University, Marylebone",51.522481,-0.154907,2,13,16,2026-08-11T09:59:09.639388
BikePoints_258,"Kensington Gore, Knightsbridge",51.501432,-0.178656,2,20,23,2026-08-11T09:59:09.639391
BikePoints_259,"Bourne Street, Belgravia",51.490959,-0.153233,7,8,16,2026-08-11T09:59:09.639393
BikePoints_260,"Broadwick Street, Soho",51.513684,-0.13558,16,1,18,2026-08-11T09:59:09.639396
BikePoints_261,"Princes Square, Bayswater",51.513489,-0.191351,0,15,16,2026-08-11T09:59:09.639407
BikePoints_262,"LSBU (Borough Road), Elephant & Castle",51.498744,-0.103132,14,20,35,2026-08-11T09:59:09.639411
BikePoints_263,"St. Mary Axe, Aldgate",51.514225,-0.08066,16,0,21,2026-08-11T09:59:09.639413
BikePoints_264,"Tysoe Street, Clerkenwell",51.526443,-0.109256,3,15,20,2026-08-11T09:59:09.639416
BikePoints_265,"Southwick Street, Paddington",51.515953,-0.169249,6,8,17,2026-08-11T09:59:09.639419
BikePoints_266,"Queen's Gate (North), Kensington",51.501026,-0.180246,12,29,41,2026-08-11T09:59:09.639423
BikePoints_268,"Belgrave Road, Victoria",51.493204,-0.144132,6,22,29,2026-08-11T09:59:09.639425
BikePoints_269,"Empire Square, The Borough",51.500823,-0.08974,12,34,46,2026-08-11T09:59:09.639427
BikePoints_271,"London Zoo,  The Regent's Park",51.535836,-0.156285,8,24,32,2026-08-11T09:59:09.639431
BikePoints_272,"Baylis Road, Waterloo",51.501444,-0.110699,2,17,22,2026-08-11T09:59:09.639433
BikePoints_273,"Belvedere Road 1, South Bank",51.506133,-0.114686,23,15,38,2026-08-11T09:59:09.639436
BikePoints_274,"Warwick Road, Olympia",51.496712,-0.205284,4,32,36,2026-08-11T09:59:09.639438
BikePoints_275,"Barbican Centre, Barbican",51.520044,-0.092176,7,11,19,2026-08-11T09:59:09.639441
BikePoints_276,"Lower Thames Street, Monument",51.509301,-0.084985,21,3,24,2026-08-11T09:59:09.639444
BikePoints_277,"Kensington Church Street, Kensington",51.503157,-0.191496,5,11,17,2026-08-11T09:59:09.639446
BikePoints_278,"Tooley Street, Bermondsey",51.503493,-0.07962,4,21,27,2026-08-11T09:59:09.639449
BikePoints_279,"North Wharf Road, Paddington",51.518623,-0.176603,2,19,23,2026-08-11T09:59:09.639452
BikePoints_280,"Royal Avenue 2, Chelsea",51.490083,-0.162418,2,7,10,2026-08-11T09:59:09.639455
BikePoints_281,"Smith Square, Westminster",51.495805,-0.127575,13,2,18,2026-08-11T09:59:09.639458
BikePoints_282,"Royal London Hospital, Whitechapel",51.518675,-0.06111,34,2,42,2026-08-11T09:59:09.639460
BikePoints_283,"Kingsway, Covent Garden",51.514409,-0.118478,7,8,16,2026-08-11T09:59:09.639463
BikePoints_284,"Lambeth North Station, Waterloo",51.49914,-0.112031,4,15,20,2026-08-11T09:59:09.639467
BikePoints_286,"St. John's Wood Road, St. John's Wood",51.527294,-0.174653,27,8,35,2026-08-11T09:59:09.639469
BikePoints_287,"Bedford Way, Bloomsbury",51.523673,-0.128377,11,11,23,2026-08-11T09:59:09.639472
BikePoints_288,"Elizabeth Bridge, Victoria",51.492369,-0.147478,19,13,34,2026-08-11T09:59:09.639475
BikePoints_289,"South Audley Street, Mayfair",51.50923,-0.151289,8,5,15,2026-08-11T09:59:09.639478
BikePoints_290,"St Mary's Hospital, Paddington",51.518268,-0.171103,2,16,20,2026-08-11T09:59:09.639481
BikePoints_291,"Claverton Street, Pimlico",51.484839,-0.138089,2,28,32,2026-08-11T09:59:09.639484
BikePoints_292,"Montpelier Street, Knightsbridge",51.498884,-0.165471,10,4,16,2026-08-11T09:59:09.639487
BikePoints_293,"Kensington Olympia Station, Olympia",51.498157,-0.209494,1,23,25,2026-08-11T09:59:09.639489
BikePoints_294,"St. George's Square, Pimlico",51.488226,-0.135635,9,4,16,2026-08-11T09:59:09.639493
BikePoints_295,"Swan Street, The Borough",51.500296,-0.092762,8,19,27,2026-08-11T09:59:09.639496
BikePoints_296,"Knaresborough Place, Earl's Court",51.493631,-0.190603,1,15,18,2026-08-11T09:59:09.639498
BikePoints_297,"Geraldine Street, Elephant & Castle",51.496127,-0.106,10,6,17,2026-08-11T09:59:09.639500
BikePoints_298,"Curlew Street, Shad Thames",51.502279,-0.074189,4,15,21,2026-08-11T09:59:09.639503
BikePoints_299,"Vincent Square, Westminster",51.493985,-0.136928,0,17,19,2026-08-11T09:59:09.639505
BikePoints_300,"Serpentine Car Park, Hyde Park",51.505014,-0.17306,7,9,18,2026-08-11T09:59:09.639507
BikePoints_301,"Marylebone Lane, Marylebone",51.514759,-0.148105,14,7,24,2026-08-11T09:59:09.639510
BikePoints_302,"Putney Pier, Wandsworth",51.466907,-0.216573,19,9,28,2026-08-11T09:59:09.639513
BikePoints_303,"Albert Gate, Hyde Park",51.502953,-0.158456,10,22,34,2026-08-11T09:59:09.639515
BikePoints_306,"Rathbone Street, Fitzrovia",51.518162,-0.135025,9,4,16,2026-08-11T09:59:09.639520
BikePoints_307,"Black Lion Gate, Kensington Gardens",51.509908,-0.187842,1,19,24,2026-08-11T09:59:09.639522
BikePoints_308,"Long Lane , Bermondsey",51.499075,-0.085666,2,18,20,2026-08-11T09:59:09.639524
BikePoints_309,"Embankment (Savoy), Strand",51.509631,-0.119047,14,24,41,2026-08-11T09:59:09.639527
BikePoints_310,"Black Prince Road, Vauxhall",51.490867,-0.116911,8,10,19,2026-08-11T09:59:09.639530
BikePoints_311,"Foley Street, Fitzrovia",51.519181,-0.140485,10,11,24,2026-08-11T09:59:09.639532
BikePoints_312,"Grove End Road, St. John's Wood",51.530889,-0.17677,4,15,20,2026-08-11T09:59:09.639534
BikePoints_313,"Wells Street, Fitzrovia",51.517344,-0.138072,35,2,38,2026-08-11T09:59:09.639538
BikePoints_314,"Tyers Gate, Bermondsey",51.500889,-0.083159,1,35,36,2026-08-11T09:59:09.639540
BikePoints_315,"The Tennis Courts, The Regent's Park",51.525367,-0.153463,8,5,16,2026-08-11T09:59:09.639543
BikePoints_316,"Warwick Row, Westminster",51.497998,-0.14296,10,8,21,2026-08-11T09:59:09.639545
BikePoints_317,"Dickens Square, Borough",51.496791,-0.093913,11,21,32,2026-08-11T09:59:09.639547
BikePoints_318,"Sackville Street, Mayfair",51.510048,-0.138846,15,1,18,2026-08-11T09:59:09.639550
BikePoints_319,"Baldwin Street, St. Luke's",51.527025,-0.088542,6,12,21,2026-08-11T09:59:09.639553
BikePoints_320,"Queen Mother Sports Centre, Victoria",51.493573,-0.139956,0,21,26,2026-08-11T09:59:09.639555
BikePoints_321,"Bermondsey Street, Bermondsey",51.497855,-0.081608,4,18,24,2026-08-11T09:59:09.639558
BikePoints_322,"Palissy Street, Shoreditch",51.526293,-0.073955,0,23,26,2026-08-11T09:59:09.639561
BikePoints_323,"Clifton Street, Shoreditch",51.523196,-0.083067,18,6,24,2026-08-11T09:59:09.639564
BikePoints_324,"Ontario Street, Elephant & Castle",51.49652,-0.101384,4,9,15,2026-08-11T09:59:09.639566
BikePoints_326,"Graham Street, Angel",51.532661,-0.099981,3,23,26,2026-08-11T09:59:09.639569
BikePoints_327,"Westbourne Green, Westbourne",51.522168,-0.192814,0,18,21,2026-08-11T09:59:09.639572
BikePoints_328,"New North Road 2, Hoxton",51.53114,-0.086016,18,2,22,2026-08-11T09:59:09.639575
BikePoints_329,"Prince Albert Road, The Regent's Park",51.535892,-0.160854,0,22,24,2026-08-11T09:59:09.639577
BikePoints_330,"Eastbourne Mews, Paddington",51.516417,-0.179135,19,13,34,2026-08-11T09:59:09.639579
BikePoints_331,"Bunhill Row, Moorgate",51.520858,-0.089887,8,18,30,2026-08-11T09:59:09.639582
BikePoints_332,"Nevern Place, Earl's Court",51.493343,-0.194757,3,16,20,2026-08-11T09:59:09.639585
BikePoints_333,"Palace Gardens Terrace, Notting Hill",51.508605,-0.193764,1,32,37,2026-08-11T09:59:09.639588
BikePoints_334,"Agar Grove, Camden Town",51.542891,-0.132253,0,14,18,2026-08-11T09:59:09.639590
BikePoints_335,"Tavistock Street, Covent Garden",51.511968,-0.120718,7,25,33,2026-08-11T09:59:09.639592
BikePoints_336,"Concert Hall Approach, South Bank",51.504841,-0.115153,13,16,30,2026-08-11T09:59:09.639595
BikePoints_337,"Pembridge Villas, Notting Hill",51.511084,-0.197524,0,14,16,2026-08-11T09:59:09.639598
BikePoints_338,"Wellington Street , Strand",51.511756,-0.119643,16,7,24,2026-08-11T09:59:09.639600
BikePoints_340,"Bank of England Museum, Bank",51.514441,-0.087587,13,2,16,2026-08-11T09:59:09.639602
BikePoints_341,"Craven Street, Strand",51.508103,-0.126021,5,16,23,2026-08-11T09:59:09.639605
BikePoints_344,"Goswell Road (City Uni), Finsbury",51.528246,-0.101026,3,10,16,2026-08-11T09:59:09.639608
BikePoints_345,"Flood Street, Chelsea",51.488023,-0.166878,10,20,33,2026-08-11T09:59:09.639610
BikePoints_348,"Grosvenor Square, Mayfair",51.51217,-0.150481,11,3,17,2026-08-11T09:59:09.639612
BikePoints_349,"St. George Street, Mayfair",51.51196,-0.142783,12,4,18,2026-08-11T09:59:09.639615
BikePoints_350,"Queen's Gate, Kensington Gardens",51.501715,-0.179854,6,12,21,2026-08-11T09:59:09.639617
BikePoints_351,"Macclesfield Rd, St Lukes",51.529423,-0.097122,3,21,28,2026-08-11T09:59:09.639621
BikePoints_352,"Vauxhall Street, Vauxhall",51.486965,-0.116625,6,13,19,2026-08-11T09:59:09.639624
BikePoints_353,"Greycoat Street , Westminster",51.494591,-0.134234,1,14,17,2026-08-11T09:59:09.639626
BikePoints_354,"Northumberland Avenue, Strand",51.506767,-0.123702,22,15,37,2026-08-11T09:59:09.639630
BikePoints_355,"Clapham Common Station, Clapham Common",51.461388,-0.139221,1,15,21,2026-08-11T09:59:09.639633
BikePoints_356,"South Kensington Station, South Kensington",51.494412,-0.173881,14,1,15,2026-08-11T09:59:09.639635
BikePoints_357,"Howland Street, Fitzrovia",51.520994,-0.139016,5,23,30,2026-08-11T09:59:09.639637
BikePoints_358,"High Holborn , Covent Garden",51.516398,-0.124257,16,3,20,2026-08-11T09:59:09.639640
BikePoints_359,"Butler Place, Westminster",51.497829,-0.13544,17,0,18,2026-08-11T09:59:09.639643
BikePoints_360,"Howick Place, Westminster",51.496753,-0.138733,19,7,27,2026-08-11T09:59:09.639646
BikePoints_361,"Waterloo Station 2, Waterloo",51.503919,-0.113426,0,51,55,2026-08-11T09:59:09.639649
BikePoints_362,"Royal College Street, Camden Town",51.536264,-0.133952,26,29,57,2026-08-11T09:59:09.639651
BikePoints_363,"Lord's, St. John's Wood",51.529121,-0.171185,18,5,24,2026-08-11T09:59:09.639654
BikePoints_364,"Store Street, Bloomsbury",51.519572,-0.13214,8,23,32,2026-08-11T09:59:09.639657
BikePoints_365,"City Road, Angel",51.530344,-0.100168,13,34,47,2026-08-11T09:59:09.639659
BikePoints_367,"Harrowby Street, Marylebone",51.517372,-0.164207,1,12,16,2026-08-11T09:59:09.639662
BikePoints_368,"Lowndes Square, Knightsbridge",51.50058,-0.158837,6,15,23,2026-08-11T09:59:09.639665
BikePoints_370,"Paddington Green, Paddington",51.520205,-0.174593,0,20,20,2026-08-11T09:59:09.639668
BikePoints_371,"Brockwell Lido, Brixton",51.453118,-0.104955,23,3,30,2026-08-11T09:59:09.639670
BikePoints_372,"Sardinia Street, Holborn",51.515208,-0.117863,7,16,24,2026-08-11T09:59:09.639674
BikePoints_373,"Prince Consort Road, Knightsbridge",51.499806,-0.176415,17,0,18,2026-08-11T09:59:09.639676
BikePoints_374,"Waterloo Station 1, Waterloo",51.504027,-0.113864,9,25,36,2026-08-11T09:59:09.639679
BikePoints_375,"Kensington Town Hall, Kensington",51.501945,-0.194392,3,13,18,2026-08-11T09:59:09.639681
BikePoints_376,"Millbank Tower, Pimlico",51.491884,-0.125674,14,8,24,2026-08-11T09:59:09.639684
BikePoints_377,"Waterloo Bridge, South Bank",51.505354,-0.113656,4,11,15,2026-08-11T09:59:09.639686
BikePoints_378,"Natural History Museum, South Kensington",51.495592,-0.179077,16,25,42,2026-08-11T09:59:09.639689
BikePoints_379,"Turquoise Island, Notting Hill",51.514311,-0.200838,4,14,21,2026-08-11T09:59:09.639691
BikePoints_380,"Stanhope Gate, Mayfair",51.506864,-0.150666,11,8,21,2026-08-11T09:59:09.639694
BikePoints_381,"Charlotte Street, Fitzrovia",51.51953,-0.135777,9,5,14,2026-08-11T09:59:09.639696
BikePoints_382,"Farm Street, Mayfair",51.509351,-0.147449,9,4,15,2026-08-11T09:59:09.639699
BikePoints_383,"Frith Street, Soho",51.513103,-0.131213,1,14,18,2026-08-11T09:59:09.639701
BikePoints_384,"Marloes Road, Kensington",51.496481,-0.192404,1,13,15,2026-08-11T09:59:09.639703
BikePoints_386,"Moor Street, Soho",51.513527,-0.13011,11,1,16,2026-08-11T09:59:09.639705
BikePoints_387,"Fire Brigade Pier, Vauxhall",51.493699,-0.121394,2,27,30,2026-08-11T09:59:09.639708
BikePoints_388,"Southampton Street, Strand",51.510701,-0.121723,8,5,14,2026-08-11T09:59:09.639710
BikePoints_389,"Upper Grosvenor Street, Mayfair",51.51013,-0.155757,2,16,18,2026-08-11T09:59:09.639712
BikePoints_390,"Buxton Street 1, Shoreditch",51.521776,-0.068856,15,26,41,2026-08-11T09:59:09.639714
BikePoints_391,"Clifford Street, Mayfair",51.510662,-0.142345,9,8,17,2026-08-11T09:59:09.639717
BikePoints_392,"Imperial College, Knightsbridge",51.499428,-0.179702,31,0,33,2026-08-11T09:59:09.639720
BikePoints_393,"Snow Hill, Farringdon",51.517334,-0.103604,12,3,15,2026-08-11T09:59:09.639723
BikePoints_394,"Aberdeen Place, St. John's Wood",51.524826,-0.176268,1,16,18,2026-08-11T09:59:09.639726
BikePoints_395,"Cadogan Gardens, Chelsea",51.492462,-0.159919,9,5,15,2026-08-11T09:59:09.639729
BikePoints_396,"Shouldham Street, Marylebone",51.51809,-0.163609,1,15,16,2026-08-11T09:59:09.639731
BikePoints_397,"Devonshire Terrace, Bayswater",51.51348,-0.17977,7,8,16,2026-08-11T09:59:09.639734
BikePoints_398,"Holland Park, Kensington",51.502319,-0.200742,2,25,30,2026-08-11T09:59:09.639736
BikePoints_399,"Brick Lane Market, Shoreditch",51.522617,-0.071653,2,19,24,2026-08-11T09:59:09.639738
BikePoints_400,"George Street, Marylebone",51.517703,-0.154106,16,10,27,2026-08-11T09:59:09.639741
BikePoints_401,"Columbia Road, Shoreditch",51.528187,-0.075375,9,11,24,2026-08-11T09:59:09.639743
BikePoints_402,"Penfold Street, Marylebone",51.522892,-0.171681,0,13,15,2026-08-11T09:59:09.639746
BikePoints_403,"George Place Mews, Marylebone",51.516892,-0.158249,4,9,16,2026-08-11T09:59:09.639748
BikePoints_404,"Palace Gate, Kensington Gardens",51.502042,-0.1844,0,11,13,2026-08-11T09:59:09.639750
BikePoints_405,"Gloucester Road Station, South Kensington",51.494185,-0.18267,7,8,15,2026-08-11T09:59:09.639753
BikePoints_408,"Sun Street, Liverpool Street",51.520009,-0.083935,12,11,24,2026-08-11T09:59:09.639755
BikePoints_409,"Strata, Elephant & Castle",51.493146,-0.099828,31,7,41,2026-08-11T09:59:09.639759
BikePoints_410,"Orchard Place, Blackwall Tunnel",51.510212,0.004979,5,18,24,2026-08-11T09:59:09.639762
BikePoints_411,"Rotherhithe Roundabout, Rotherhithe",51.499169,-0.055846,5,14,19,2026-08-11T09:59:09.639764
BikePoints_412,"Cleaver Street, Kennington",51.488105,-0.110121,1,15,17,2026-08-11T09:59:09.639767
BikePoints_419,"Chelsea Bridge, Pimlico",51.485821,-0.149004,7,6,15,2026-08-11T09:59:09.639769
BikePoints_423,"Eaton Square (South), Belgravia",51.494561,-0.153933,3,28,31,2026-08-11T09:59:09.639772
BikePoints_424,"Ebury Bridge, Pimlico",51.490491,-0.149186,3,25,29,2026-08-11T09:59:09.639775
BikePoints_426,"Vincent Street, Pimlico",51.493072,-0.129925,0,16,17,2026-08-11T09:59:09.639777
BikePoints_427,"Cheapside, Bank",51.51397,-0.09294,41,1,43,2026-08-11T09:59:09.639780
BikePoints_428,"Exhibition Road, Knightsbridge",51.499917,-0.174554,6,9,20,2026-08-11T09:59:09.639782
BikePoints_430,"South Parade, Chelsea",51.48902,-0.17524,8,8,18,2026-08-11T09:59:09.639784
BikePoints_431,"Crinan Street, King's Cross",51.534474,-0.122203,9,10,20,2026-08-11T09:59:09.639787
BikePoints_432,"Exhibition Road Museums 1, South Kensington",51.496468,-0.173796,9,0,13,2026-08-11T09:59:09.639789
BikePoints_433,"Wren Street, Holborn",51.524564,-0.116279,0,27,33,2026-08-11T09:59:09.639791
BikePoints_435,"Kennington Station, Kennington",51.488852,-0.105593,18,4,23,2026-08-11T09:59:09.639794
BikePoints_436,"Red Lion Street, Holborn",51.51824,-0.11655,27,7,36,2026-08-11T09:59:09.639796
BikePoints_437,"Vauxhall Walk, Vauxhall",51.488124,-0.120903,12,10,27,2026-08-11T09:59:09.639799
BikePoints_439,"Killick Street, King's Cross",51.5338,-0.118677,21,1,22,2026-08-11T09:59:09.639801
BikePoints_440,"Kennington Oval, Oval",51.483145,-0.113134,13,19,33,2026-08-11T09:59:09.639803
BikePoints_441,"Sail Street, Vauxhall",51.495656,-0.114605,6,18,24,2026-08-11T09:59:09.639806
BikePoints_442,"Walmer Road, Avondale",51.510101,-0.211358,1,21,24,2026-08-11T09:59:09.639809
BikePoints_443,"Philpot Street, Whitechapel",51.515256,-0.058641,6,22,30,2026-08-11T09:59:09.639811
BikePoints_444,"Bethnal Green Garden, Bethnal Green",51.52568,-0.055312,20,3,24,2026-08-11T09:59:09.639814
BikePoints_445,"Cheshire Street, Bethnal Green",51.52388,-0.065076,24,3,28,2026-08-11T09:59:09.639816
BikePoints_446,"York Hall, Bethnal Green",51.528936,-0.055894,21,5,27,2026-08-11T09:59:09.639819
BikePoints_447,"Jubilee Crescent, Cubitt Town",51.493381,-0.007542,0,53,54,2026-08-11T09:59:09.639823
BikePoints_448,"Fisherman's Walk West, Canary Wharf",51.50623,-0.02296,29,1,36,2026-08-11T09:59:09.639825
BikePoints_449,"Shadwell Station, Shadwell",51.511088,-0.057159,7,26,35,2026-08-11T09:59:09.639828
BikePoints_450,"Jubilee Street, Stepney",51.515975,-0.053177,8,20,28,2026-08-11T09:59:09.639830
BikePoints_451,"Hermitage Court, Wapping",51.504719,-0.063531,0,13,16,2026-08-11T09:59:09.639833
BikePoints_452,"St. Katharine's Way, Tower",51.505697,-0.070542,4,18,24,2026-08-11T09:59:09.639835
BikePoints_453,"Garnet Street, Shadwell",51.508447,-0.055167,7,16,24,2026-08-11T09:59:09.639837
BikePoints_454,"Napier Avenue, Millwall",51.487679,-0.021582,4,14,20,2026-08-11T09:59:09.639841
BikePoints_455,"East Ferry Road, Cubitt Town",51.49447,-0.014409,13,1,17,2026-08-11T09:59:09.639843
BikePoints_456,"Albert Street, Camden Town",51.537706,-0.144801,9,16,26,2026-08-11T09:59:09.639846
BikePoints_457,"Castlehaven Road, Camden Town",51.542138,-0.145393,0,29,29,2026-08-11T09:59:09.639848
BikePoints_458,"Wapping Lane, Wapping",51.504749,-0.057544,20,1,28,2026-08-11T09:59:09.639850
BikePoints_459,"Gunmakers Lane, Old Ford",51.535179,-0.03338,1,16,17,2026-08-11T09:59:09.639853
BikePoints_461,"Aston Street, Stepney",51.516,-0.038775,10,15,26,2026-08-11T09:59:09.639855
BikePoints_462,"Bonny Street, Camden Town",51.541603,-0.138853,0,43,45,2026-08-11T09:59:09.639857
BikePoints_463,"Thurtle Road, Haggerston",51.534776,-0.071881,4,16,22,2026-08-11T09:59:09.639859
BikePoints_464,"St. Mary & St. Michael Church, Stepney",51.51417,-0.052099,17,7,25,2026-08-11T09:59:09.639861
BikePoints_465,"Pitfield Street North,Hoxton",51.53558,-0.08249,0,25,28,2026-08-11T09:59:09.639864
BikePoints_466,"Whiston Road, Haggerston",51.534464,-0.076341,3,16,21,2026-08-11T09:59:09.639866
BikePoints_467,"Southern Grove, Bow",51.523538,-0.030556,2,13,17,2026-08-11T09:59:09.639869
BikePoints_468,"Cantrell Road, Bow",51.521564,-0.022694,16,8,24,2026-08-11T09:59:09.639872
BikePoints_469,"Lindfield Street, Poplar",51.513757,-0.020467,19,22,44,2026-08-11T09:59:09.639875
BikePoints_470,"Mostyn Grove, Bow",51.530535,-0.025492,5,40,46,2026-08-11T09:59:09.639878
BikePoints_471,"Hewison Street, Old Ford",51.533283,-0.028155,5,13,19,2026-08-11T09:59:09.639880
BikePoints_472,"Malmesbury Road, Bow",51.529452,-0.027616,9,12,21,2026-08-11T09:59:09.639882
BikePoints_473,"Millharbour, Millwall",51.496137,-0.019355,5,12,19,2026-08-11T09:59:09.639886
BikePoints_474,"Gascoyne Road, Victoria Park",51.541515,-0.038557,4,12,20,2026-08-11T09:59:09.639889
BikePoints_475,"Lightermans Road, Millwall",51.499041,-0.020157,1,26,31,2026-08-11T09:59:09.639891
BikePoints_476,"Stebondale Street, Cubitt Town",51.489096,-0.009205,0,27,29,2026-08-11T09:59:09.639894
BikePoints_477,"Spindrift Avenue, Millwall",51.49109,-0.018716,13,20,36,2026-08-11T09:59:09.639897
BikePoints_478,"Stepney Green Station, Stepney",51.521889,-0.04667,15,5,21,2026-08-11T09:59:09.639900
BikePoints_479,"Pott Street, Bethnal Green",51.527152,-0.058005,18,1,20,2026-08-11T09:59:09.639902
BikePoints_480,"Flamborough Street, Limehouse",51.512871,-0.038986,1,23,25,2026-08-11T09:59:09.639904
BikePoints_481,"Saunders Ness Road, Cubitt Town",51.487129,-0.009001,23,10,35,2026-08-11T09:59:09.639906
BikePoints_482,"Exhibition Road Museums 2, South Kensington",51.495947,-0.173689,13,0,14,2026-08-11T09:59:09.639909
BikePoints_483,"Albert Gardens, Stepney",51.51328,-0.047784,4,27,33,2026-08-11T09:59:09.639911
BikePoints_484,"Bromley High Street, Bow",51.528828,-0.013258,12,12,24,2026-08-11T09:59:09.639914
BikePoints_485,"Old Ford Road, Bethnal Green",51.531127,-0.048017,1,22,24,2026-08-11T09:59:09.639916
BikePoints_486,"Granby Street, Shoreditch",51.525645,-0.069543,9,28,37,2026-08-11T09:59:09.639919
BikePoints_487,"Canton Street, Poplar",51.511811,-0.025626,7,15,23,2026-08-11T09:59:09.639924
BikePoints_488,"Reardon Street, Wapping",51.506946,-0.058681,0,18,22,2026-08-11T09:59:09.639939
BikePoints_489,"Christian Street, Whitechapel",51.513074,-0.064094,1,30,34,2026-08-11T09:59:09.639942
BikePoints_490,"Pennington Street, Wapping",51.508622,-0.065006,1,41,45,2026-08-11T09:59:09.639945
BikePoints_491,"Queen Mary's, Mile End",51.522507,-0.041378,27,15,45,2026-08-11T09:59:09.639948
BikePoints_494,"South Quay East, Canary Wharf",51.50196,-0.016251,12,20,36,2026-08-11T09:59:09.639950
BikePoints_495,"Bow Church Station, Bow",51.528169,-0.018703,0,36,39,2026-08-11T09:59:09.639953
BikePoints_496,"Devons Road, Bow",51.52512,-0.015578,17,18,39,2026-08-11T09:59:09.639956
BikePoints_497,"Merchant Street, Bow",51.526578,-0.027581,1,21,27,2026-08-11T09:59:09.639958
BikePoints_498,"Bow Road Station, Bow",51.527058,-0.025296,11,29,42,2026-08-11T09:59:09.639961
BikePoints_499,"Furze Green, Bow",51.519265,-0.021345,10,22,36,2026-08-11T09:59:09.639964
BikePoints_500,"Ansell House, Stepney",51.520019,-0.05438,6,34,41,2026-08-11T09:59:09.639967
BikePoints_501,"Cephas Street, Bethnal Green",51.522561,-0.054883,12,9,24,2026-08-11T09:59:09.639970
BikePoints_502,"Bonner Gate, Victoria Park",51.53341,-0.049591,5,11,21,2026-08-11T09:59:09.639972
BikePoints_503,"Cleveland Way, Stepney",51.520893,-0.051394,12,18,36,2026-08-11T09:59:09.639974
BikePoints_504,"St. John's Park, Cubitt Town",51.496454,-0.009506,5,23,30,2026-08-11T09:59:09.639977
BikePoints_505,"Ackroyd Drive, Bow",51.520398,-0.026768,2,25,29,2026-08-11T09:59:09.639979
BikePoints_506,"Bell Lane, Liverpool Street",51.517475,-0.075855,5,18,23,2026-08-11T09:59:09.639982
BikePoints_507,"Clarkson Street, Bethnal Green",51.528692,-0.059091,6,22,31,2026-08-11T09:59:09.639985
BikePoints_508,"Fournier Street, Whitechapel",51.519362,-0.074431,3,15,18,2026-08-11T09:59:09.639990
BikePoints_509,"Fore Street Avenue, Guildhall",51.517842,-0.090075,16,2,19,2026-08-11T09:59:09.639992
BikePoints_510,"Westferry DLR, Limehouse",51.509303,-0.025996,14,22,41,2026-08-11T09:59:09.639995
BikePoints_511,"Sutton Street, Shadwell",51.511066,-0.053558,4,22,33,2026-08-11T09:59:09.639997
BikePoints_513,"Watney Market, Stepney",51.514222,-0.055656,12,37,51,2026-08-11T09:59:09.639998
BikePoints_514,"Portman Square, Marylebone",51.516204,-0.155525,13,0,17,2026-08-11T09:59:09.640001
BikePoints_515,"Russell Gardens, Olympia",51.500088,-0.211316,0,22,24,2026-08-11T09:59:09.640003
BikePoints_516,"Chrisp Street Market, Poplar",51.5112,-0.014438,12,2,18,2026-08-11T09:59:09.640005
BikePoints_517,"Ford Road, Old Ford",51.532513,-0.033085,8,7,18,2026-08-11T09:59:09.640007
BikePoints_518,"Antill Road, Mile End",51.528224,-0.037471,4,23,30,2026-08-11T09:59:09.640010
BikePoints_519,"Teviot Street, Poplar",51.518811,-0.011662,29,3,33,2026-08-11T09:59:09.640012
BikePoints_520,"Bancroft Road, Bethnal Green",51.526041,-0.047218,4,15,21,2026-08-11T09:59:09.640014
BikePoints_521,"Driffield Road, Old Ford",51.534137,-0.037366,1,18,19,2026-08-11T09:59:09.640016
BikePoints_522,"Clinton Road, Mile End",51.525941,-0.036017,31,0,36,2026-08-11T09:59:09.640018
BikePoints_523,"Langdon Park, Poplar",51.51549,-0.013475,4,17,24,2026-08-11T09:59:09.640020
BikePoints_524,"Lancaster Gate , Bayswater",51.511654,-0.179668,26,11,38,2026-08-11T09:59:09.640022
BikePoints_525,"Blythe Road, Olympia",51.496927,-0.2135,6,17,24,2026-08-11T09:59:09.640025
BikePoints_526,"Lancaster Drive, Blackwall",51.503143,-0.008428,2,24,27,2026-08-11T09:59:09.640027
BikePoints_527,"Hansard Mews, Holland Park",51.503802,-0.215808,12,7,20,2026-08-11T09:59:09.640029
BikePoints_528,"Clarges Street, Mayfair",51.507326,-0.145827,7,9,16,2026-08-11T09:59:09.640033
BikePoints_529,"Manresa Road, Chelsea",51.486892,-0.170983,7,11,18,2026-08-11T09:59:09.640037
BikePoints_530,"Newby Place, Poplar",51.508896,-0.012413,13,5,18,2026-08-11T09:59:09.640039
BikePoints_531,"Twig Folly Bridge, Mile End",51.530326,-0.042744,5,13,21,2026-08-11T09:59:09.640041
BikePoints_532,"Jubilee Plaza, Canary Wharf",51.5034,-0.020242,50,10,63,2026-08-11T09:59:09.640044
BikePoints_533,"Wellington Row, Bethnal Green",51.528222,-0.069743,2,29,33,2026-08-11T09:59:09.640046
BikePoints_534,"Goldsmith's Row, Haggerston",51.531864,-0.066035,22,4,27,2026-08-11T09:59:09.640048
BikePoints_536,"Queensbridge Road, Haggerston",51.53385,-0.06992,10,25,35,2026-08-11T09:59:09.640050
BikePoints_537,"Old Montague Street, Whitechapel",51.51793,-0.067937,2,13,18,2026-08-11T09:59:09.640053
BikePoints_538,"Naval Row, Blackwall",51.508981,-0.00699,7,12,21,2026-08-11T09:59:09.640055
BikePoints_539,"Hoxton Station, Hoxton",51.531091,-0.075901,2,18,22,2026-08-11T09:59:09.640057
BikePoints_541,"Green Park Station, Mayfair",51.506613,-0.142844,14,12,28,2026-08-11T09:59:09.640059
BikePoints_542,"Salmon Lane, Limehouse",51.514115,-0.033828,7,22,33,2026-08-11T09:59:09.640061
BikePoints_543,"Lansdowne Walk, Ladbroke Grove",51.509591,-0.204666,1,19,21,2026-08-11T09:59:09.640064
BikePoints_544,"Percival Street, Finsbury",51.526153,-0.102208,10,11,22,2026-08-11T09:59:09.640066
BikePoints_545,"Arlington Road, Camden Town",51.539957,-0.145246,0,24,24,2026-08-11T09:59:09.640068
BikePoints_546,"New Fetter Lane, Holborn",51.517428,-0.107987,19,2,21,2026-08-11T09:59:09.640071
BikePoints_547,"East India DLR, Blackwall",51.509474,-0.002275,16,32,51,2026-08-11T09:59:09.640074
BikePoints_548,"Westminster Bridge Road, Elephant & Castle",51.498386,-0.107913,9,17,26,2026-08-11T09:59:09.640076
BikePoints_549,"Gaywood  Street, Elephant & Castle",51.49605,-0.104193,21,24,45,2026-08-11T09:59:09.640079
BikePoints_550,"Harford Street, Mile End",51.521564,-0.039264,13,9,23,2026-08-11T09:59:09.640082
BikePoints_551,"Import Dock, Canary Wharf",51.505772,-0.01646,34,2,39,2026-08-11T09:59:09.640085
BikePoints_552,"Watney Street, Shadwell",51.511542,-0.056667,5,20,27,2026-08-11T09:59:09.640087
BikePoints_553,"Regent's Row , Haggerston",51.535678,-0.062546,3,19,24,2026-08-11T09:59:09.640090
BikePoints_554,"Aberfeldy Street, Poplar",51.513548,-0.005659,6,8,16,2026-08-11T09:59:09.640092
BikePoints_556,"Heron Quays DLR, Canary Wharf",51.502661,-0.021596,5,20,27,2026-08-11T09:59:09.640094
BikePoints_557,"King Edward Street, St Pauls",51.51601,-0.0985,15,1,20,2026-08-11T09:59:09.640097
BikePoints_558,"Page Street, Westminster",51.493978,-0.127554,14,8,24,2026-08-11T09:59:09.640100
BikePoints_559,"Abbotsbury Road, Holland Park",51.501391,-0.205991,17,7,24,2026-08-11T09:59:09.640102
BikePoints_560,"Ladbroke Grove Central, Ladbroke Grove",51.511624,-0.205921,0,21,21,2026-08-11T09:59:09.640104
BikePoints_561,"Rectory Square, Stepney",51.518369,-0.043371,1,21,22,2026-08-11T09:59:09.640107
BikePoints_562,"Bury Place, Holborn",51.51742,-0.123189,15,5,21,2026-08-11T09:59:09.640110
BikePoints_563,"Preston's Road, Cubitt Town",51.499286,-0.009152,19,4,26,2026-08-11T09:59:09.640112
BikePoints_564,"Somerset House, Strand",51.509943,-0.117619,12,25,41,2026-08-11T09:59:09.640114
BikePoints_565,"Selby Street, Whitechapel",51.521905,-0.063386,10,4,17,2026-08-11T09:59:09.640116
BikePoints_568,"Bishop's Bridge Road West, Bayswater",51.51616,-0.18697,4,12,18,2026-08-11T09:59:09.640119
BikePoints_569,"Pitfield Street Central, Hoxton",51.53213,-0.08299,1,29,30,2026-08-11T09:59:09.640122
BikePoints_570,"Upper Bank Street, Canary Wharf",51.503083,-0.017676,25,5,36,2026-08-11T09:59:09.640124
BikePoints_571,"Westfield Southern Terrace ,Shepherd's Bush",51.506256,-0.218337,10,18,29,2026-08-11T09:59:09.640126
BikePoints_572,"Greenland Road, Camden Town",51.539099,-0.141728,0,31,36,2026-08-11T09:59:09.640129
BikePoints_573,"Limerston Street, West Chelsea",51.485587,-0.18119,8,3,18,2026-08-11T09:59:09.640132
BikePoints_574,"Eagle Wharf Road, Hoxton",51.53356,-0.09315,20,22,45,2026-08-11T09:59:09.640135
BikePoints_576,"Alpha Grove, Millwall",51.497304,-0.022793,1,18,23,2026-08-11T09:59:09.640137
BikePoints_577,"Globe Town Market, Bethnal Green",51.528869,-0.047548,3,14,20,2026-08-11T09:59:09.640140
BikePoints_578,"Hollybush Gardens, Bethnal Green",51.527607,-0.057133,8,22,32,2026-08-11T09:59:09.640143
BikePoints_579,"Queen Street 2, Bank",51.511246,-0.093051,19,4,36,2026-08-11T09:59:09.640146
BikePoints_580,"Doddington Grove, Kennington",51.486929,-0.102996,0,36,36,2026-08-11T09:59:09.640149
BikePoints_581,"New Cavendish Street, Marylebone",51.519167,-0.147983,14,0,18,2026-08-11T09:59:09.640151
BikePoints_583,"Abingdon Green, Westminster",51.49764,-0.125972,15,2,20,2026-08-11T09:59:09.640154
BikePoints_584,"Ilchester Gardens, Bayswater",51.51244,-0.19096,14,3,21,2026-08-11T09:59:09.640156
BikePoints_586,"Mudchute DLR, Cubitt Town",51.490645,-0.014582,9,22,31,2026-08-11T09:59:09.640158
BikePoints_587,"Monument Street, Monument",51.50964,-0.08497,5,16,22,2026-08-11T09:59:09.640161
BikePoints_589,"Drayton Gardens, West Chelsea",51.487196,-0.179369,6,12,18,2026-08-11T09:59:09.640165
BikePoints_590,"Greenberry Street, St.John's Wood",51.53256,-0.16862,11,14,26,2026-08-11T09:59:09.640168
BikePoints_592,"Bishop's Bridge Road East, Bayswater",51.5171,-0.18377,9,3,20,2026-08-11T09:59:09.640170
BikePoints_593,"Northdown Street, King's Cross",51.531066,-0.11934,7,14,21,2026-08-11T09:59:09.640172
BikePoints_594,"Kingsway Southbound, Strand",51.513875,-0.117774,20,13,33,2026-08-11T09:59:09.640175
BikePoints_595,"Hammersmith Road, Hammersmith",51.493267,-0.21985,11,10,22,2026-08-11T09:59:09.640177
BikePoints_596,"Parson's Green , Parson's Green",51.472817,-0.199783,2,19,21,2026-08-11T09:59:09.640179
BikePoints_597,"Fulham Park Road, Fulham",51.473471,-0.20782,4,20,27,2026-08-11T09:59:09.640183
BikePoints_598,"Southerton Road, Hammersmith",51.494499,-0.228188,16,22,38,2026-08-11T09:59:09.640186
BikePoints_599,"Manbre Road, Hammersmith",51.485743,-0.223616,11,17,28,2026-08-11T09:59:09.640188
BikePoints_600,"South Lambeth Road, Vauxhall",51.481747,-0.124642,4,14,21,2026-08-11T09:59:09.640190
BikePoints_602,"Union Grove, Wandsworth Road",51.472993,-0.133972,33,11,45,2026-08-11T09:59:09.640192
BikePoints_603,"Caldwell Street, Stockwell",51.477839,-0.116493,26,18,44,2026-08-11T09:59:09.640195
BikePoints_604,"St Martins Close, Camden Town",51.538792,-0.138535,1,16,18,2026-08-11T09:59:09.640197
BikePoints_605,"Seymour Place, Marylebone",51.520331,-0.163667,1,26,29,2026-08-11T09:59:09.640200
BikePoints_606,"Addison Road, Holland Park",51.504199,-0.210941,8,17,26,2026-08-11T09:59:09.640202
BikePoints_607,"Putney Bridge Station, Fulham",51.468814,-0.210279,19,0,21,2026-08-11T09:59:09.640204
BikePoints_608,"Colet Gardens, Hammersmith",51.491093,-0.216493,11,18,30,2026-08-11T09:59:09.640207
BikePoints_609,"Sugden Road, Clapham",51.465123,-0.157788,10,8,19,2026-08-11T09:59:09.640210
BikePoints_610,"Danvers Street, West Chelsea",51.482567,-0.172078,9,11,21,2026-08-11T09:59:09.640212
BikePoints_611,"Princedale Road , Holland Park",51.506465,-0.208486,1,17,20,2026-08-11T09:59:09.640214
BikePoints_612,"Wandsworth Rd, Isley Court, Wandsworth Road",51.469259,-0.141812,18,11,30,2026-08-11T09:59:09.640216
BikePoints_613,"Woodstock Grove, Shepherd's Bush",51.504038,-0.2174,2,19,24,2026-08-11T09:59:09.640219
BikePoints_615,"Finlay Street, Fulham",51.476885,-0.215895,4,18,24,2026-08-11T09:59:09.640221
BikePoints_616,"Aintree Street, Fulham",51.481021,-0.209973,7,17,24,2026-08-11T09:59:09.640224
BikePoints_617,"Elysium Place, Fulham",51.471079,-0.207842,3,16,21,2026-08-11T09:59:09.640226
BikePoints_618,"Eel Brook Common, Walham Green",51.476259,-0.193254,10,13,24,2026-08-11T09:59:09.640229
BikePoints_619,"Irene Road, Parsons Green",51.473763,-0.19701,12,10,23,2026-08-11T09:59:09.640232
BikePoints_620,"Surrey Lane, Battersea",51.47518,-0.16716,0,21,26,2026-08-11T09:59:09.640235
BikePoints_621,"Wandsworth Town Station, Wandsworth",51.460864,-0.187427,25,5,33,2026-08-11T09:59:09.640237
BikePoints_622,"Lansdowne Road, Ladbroke Grove",51.507481,-0.205535,1,24,29,2026-08-11T09:59:09.640240
BikePoints_623,"Nantes Close, Wandsworth",51.46193,-0.180791,13,8,22,2026-08-11T09:59:09.640243
BikePoints_624,"Courland Grove, Wandsworth Road",51.472918,-0.132102,24,15,40,2026-08-11T09:59:09.640245
BikePoints_625,"Queen's Circus, Battersea Park",51.477619,-0.149551,9,19,28,2026-08-11T09:59:09.640247
BikePoints_626,"Normand Park, West Kensington",51.484386,-0.204815,1,23,24,2026-08-11T09:59:09.640250
BikePoints_627,"Holden Street, Battersea",51.46879,-0.15823,13,6,20,2026-08-11T09:59:09.640252
BikePoints_628,"William Morris Way, Sands End",51.468819,-0.184318,20,4,26,2026-08-11T09:59:09.640254
BikePoints_629,"Morie Street, Wandsworth",51.459953,-0.190184,26,1,28,2026-08-11T09:59:09.640256
BikePoints_630,"Clarence Walk, Stockwell",51.470732,-0.126994,15,12,28,2026-08-11T09:59:09.640259
BikePoints_631,"Battersea Park Road, Nine Elms",51.479501,-0.14177,25,0,27,2026-08-11T09:59:09.640262
BikePoints_632,"Sheepcote Lane, Battersea",51.470538,-0.163041,15,10,28,2026-08-11T09:59:09.640264
BikePoints_633,"Vereker Road, West Kensington",51.489591,-0.209378,1,28,32,2026-08-11T09:59:09.640267
BikePoints_634,"Brook Green South, Brook Green",51.494347,-0.215804,3,28,33,2026-08-11T09:59:09.640269
BikePoints_635,"Greyhound Road, Hammersmith",51.486062,-0.214428,7,29,37,2026-08-11T09:59:09.640271
BikePoints_636,"South Park, Sands End",51.467064,-0.193502,6,21,28,2026-08-11T09:59:09.640274
BikePoints_638,"Falcon Road, Clapham Junction",51.466633,-0.169821,8,18,28,2026-08-11T09:59:09.640276
BikePoints_640,"Silverthorne Road, Battersea",51.472865,-0.148059,4,24,28,2026-08-11T09:59:09.640279
BikePoints_641,"Archbishop's Park, Waterloo",51.498241,-0.117495,23,0,23,2026-08-11T09:59:09.640282
BikePoints_642,"Fawcett Close, Battersea",51.469161,-0.174485,16,13,30,2026-08-11T09:59:09.640285
BikePoints_643,"All Saints' Road, Portobello",51.519042,-0.204764,5,17,22,2026-08-11T09:59:09.640287
BikePoints_644,"Rainville Road, Hammersmith",51.483732,-0.223852,5,30,36,2026-08-11T09:59:09.640291
BikePoints_645,"Great Suffolk Street, The Borough",51.501732,-0.100292,9,12,21,2026-08-11T09:59:09.640293
BikePoints_646,"Buckingham Gate, Westminster",51.498865,-0.137424,8,6,16,2026-08-11T09:59:09.640296
BikePoints_647,"Richmond Way, Shepherd's Bush",51.500353,-0.217515,0,27,27,2026-08-11T09:59:09.640299
BikePoints_648,"Peterborough Road, Sands End",51.46904,-0.196274,8,11,20,2026-08-11T09:59:09.640301
BikePoints_649,"World's End Place, West Chelsea",51.481805,-0.180274,1,21,22,2026-08-11T09:59:09.640303
BikePoints_650,"St. Mark's Road, North Kensington",51.51687,-0.213872,2,18,21,2026-08-11T09:59:09.640306
BikePoints_651,"Thorndike Close, West Chelsea",51.480898,-0.183853,5,19,25,2026-08-11T09:59:09.640310
BikePoints_652,"Evesham Street, Avondale",51.511486,-0.21819,12,4,20,2026-08-11T09:59:09.640312
BikePoints_653,"Simpson Street, Clapham Junction",51.470847,-0.170703,6,17,25,2026-08-11T09:59:09.640314
BikePoints_654,"Ashmole Estate, Oval",51.482678,-0.117661,6,26,34,2026-08-11T09:59:09.640316
BikePoints_655,"Crabtree Lane, Fulham",51.482944,-0.219346,13,12,27,2026-08-11T09:59:09.640319
BikePoints_656,"Broomhouse Lane, Parsons Green",51.468418,-0.199135,17,11,29,2026-08-11T09:59:09.640321
BikePoints_657,"Blythe Road West, Shepherd's Bush",51.49968,-0.221791,2,19,21,2026-08-11T09:59:09.640324
BikePoints_658,"Ethelburga Estate, Battersea Park",51.477292,-0.164786,20,8,30,2026-08-11T09:59:09.640326
BikePoints_659,"Blackfriars Station, St. Paul's",51.511934,-0.103078,15,15,35,2026-08-11T09:59:09.640329
BikePoints_660,"West Kensington Station, West Kensington",51.49087,-0.206029,11,11,22,2026-08-11T09:59:09.640333
BikePoints_661,"All Saints Church, Portobello",51.51632,-0.202608,12,21,37,2026-08-11T09:59:09.640335
BikePoints_662,"Phene Street, Chelsea",51.484984,-0.167919,0,22,24,2026-08-11T09:59:09.640338
BikePoints_663,"Clarendon Road, Avondale",51.51323,-0.211593,0,20,24,2026-08-11T09:59:09.640341
BikePoints_664,"Austin Road, Battersea Park",51.474376,-0.155442,4,16,24,2026-08-11T09:59:09.640343
BikePoints_665,"Smugglers Way, Wandsworth",51.461083,-0.191722,14,12,27,2026-08-11T09:59:09.640345
BikePoints_666,"Harris Academy, Bermondsey",51.492668,-0.07235,0,17,18,2026-08-11T09:59:09.640347
BikePoints_667,"Shepherd's Bush Road North, Shepherd's Bush",51.501594,-0.222293,13,19,34,2026-08-11T09:59:09.640349
BikePoints_668,"Ravenscourt Park Station, Hammersmith",51.494223,-0.236769,8,18,26,2026-08-11T09:59:09.640352
BikePoints_669,"Teversham Lane, Stockwell",51.476149,-0.123258,15,22,39,2026-08-11T09:59:09.640355
BikePoints_670,"Ashley Crescent, Battersea",51.467185,-0.152248,13,14,28,2026-08-11T09:59:09.640357
BikePoints_671,"Parsons Green Station, Parsons Green",51.475089,-0.201968,26,30,56,2026-08-11T09:59:09.640359
BikePoints_672,"Chicheley Street, South Bank",51.502698,-0.116747,22,2,24,2026-08-11T09:59:09.640362
BikePoints_673,"Hibbert Street, Battersea",51.46517,-0.180389,16,17,36,2026-08-11T09:59:09.640365
BikePoints_674,"Carnegie Street, King's Cross",51.535467,-0.116191,7,32,40,2026-08-11T09:59:09.640368
BikePoints_675,"Usk Road, Clapham Junction",51.463489,-0.182126,18,10,30,2026-08-11T09:59:09.640371
BikePoints_676,"Hartington Road, Stockwell",51.47787,-0.126874,16,17,35,2026-08-11T09:59:09.640373
BikePoints_677,"Heath Road, Battersea",51.468669,-0.146544,18,9,27,2026-08-11T09:59:09.640375
BikePoints_678,"Esmond Street, Putney",51.462312,-0.211468,22,8,30,2026-08-11T09:59:09.640378
BikePoints_679,"Orbel Street, Battersea",51.474535,-0.17021,0,25,26,2026-08-11T09:59:09.640381
BikePoints_680,"Westbridge Road, Battersea",51.477684,-0.170329,24,1,28,2026-08-11T09:59:09.640384
BikePoints_681,"Bishop's Avenue, Fulham",51.473036,-0.214749,12,34,46,2026-08-11T09:59:09.640387
BikePoints_682,"Crisp Road, Hammersmith",51.488108,-0.226606,21,22,46,2026-08-11T09:59:09.640389
BikePoints_683,"Dorothy Road, Clapham Junction",51.465064,-0.16375,11,14,28,2026-08-11T09:59:09.640391
BikePoints_684,"Neville Gill Close, Wandsworth",51.454752,-0.195197,26,6,32,2026-08-11T09:59:09.640394
BikePoints_685,"Osiers Road, Wandsworth",51.46067,-0.198735,7,22,30,2026-08-11T09:59:09.640397
BikePoints_686,"Beryl Road, Hammersmith",51.488144,-0.222456,1,22,26,2026-08-11T09:59:09.640400
BikePoints_687,"Clements Road, Bermondsey",51.4954,-0.061698,5,16,23,2026-08-11T09:59:09.640402
BikePoints_688,"Northfields, Wandsworth",51.460951,-0.200667,11,17,28,2026-08-11T09:59:09.640404
BikePoints_689,"Spanish Road, Clapham Junction",51.459225,-0.180884,12,17,30,2026-08-11T09:59:09.640407
BikePoints_690,"Stanley Grove, Battersea",51.470475,-0.15213,7,15,24,2026-08-11T09:59:09.640409
BikePoints_691,"Erin Close, Walham Green",51.479463,-0.195777,19,5,24,2026-08-11T09:59:09.640411
BikePoints_692,"Cadogan Close, Victoria Park",51.542118,-0.028941,9,10,22,2026-08-11T09:59:09.640413
BikePoints_693,"Felsham Road, Putney",51.464786,-0.215618,8,7,18,2026-08-11T09:59:09.640416
BikePoints_694,"Putney Rail Station, Putney",51.460717,-0.216526,15,3,20,2026-08-11T09:59:09.640419
BikePoints_695,"Islington Green, Angel",51.536384,-0.102757,3,14,21,2026-08-11T09:59:09.640422
BikePoints_696,"Charing Cross Hospital, Hammersmith",51.487285,-0.217995,17,3,21,2026-08-11T09:59:09.640424
BikePoints_697,"Charlotte Terrace, Angel",51.536392,-0.112721,3,17,25,2026-08-11T09:59:09.640426
BikePoints_698,"Shoreditch Court, Haggerston",51.539083,-0.070329,2,33,35,2026-08-11T09:59:09.640429
BikePoints_699,"Belford House, Haggerston",51.536654,-0.07023,1,38,39,2026-08-11T09:59:09.640432
BikePoints_700,"Battersea Church Road, Battersea",51.476964,-0.174347,17,8,25,2026-08-11T09:59:09.640434
BikePoints_701,"Vicarage Crescent, Battersea",51.472876,-0.176267,6,21,30,2026-08-11T09:59:09.640436
BikePoints_702,"Durant Street, Bethnal Green",51.528681,-0.06555,19,5,24,2026-08-11T09:59:09.640439
BikePoints_703,"St. Bride Street, Holborn",51.514665,-0.104583,22,1,24,2026-08-11T09:59:09.640441
BikePoints_704,"Mexfield Road, East Putney",51.45682,-0.202802,8,8,18,2026-08-11T09:59:09.640443
BikePoints_705,"Upper Richmond Road, Putney",51.459715,-0.212145,15,10,25,2026-08-11T09:59:09.640445
BikePoints_706,"Snowsfields, London Bridge",51.502153,-0.083632,12,19,31,2026-08-11T09:59:09.640447
BikePoints_707,"Barons Court Station, West Kensington",51.490217,-0.215087,28,1,32,2026-08-11T09:59:09.640450
BikePoints_708,"Disraeli Road, Putney",51.46161,-0.216145,31,1,33,2026-08-11T09:59:09.640451
BikePoints_709,"Montserrat Road , Putney",51.463211,-0.21555,15,6,23,2026-08-11T09:59:09.640454
BikePoints_710,"Albert Bridge Road, Battersea Park",51.474392,-0.163347,3,15,20,2026-08-11T09:59:09.640456
BikePoints_711,"Everington Street, Fulham",51.483356,-0.216305,12,18,31,2026-08-11T09:59:09.640458
BikePoints_712,"Mile End Stadium, Mile End",51.518541,-0.034903,7,14,22,2026-08-11T09:59:09.640460
BikePoints_713,"Hawley Crescent, Camden Town",51.541007,-0.14326,9,13,22,2026-08-11T09:59:09.640463
BikePoints_714,"Stewart's Road, Wandsworth Road",51.473116,-0.137235,19,7,28,2026-08-11T09:59:09.640465
BikePoints_715,"Aylward Street, Stepney",51.51563,-0.049067,7,14,22,2026-08-11T09:59:09.640468
BikePoints_716,"Stainsby Road , Poplar",51.515427,-0.023565,0,18,24,2026-08-11T09:59:09.640470
BikePoints_717,"Dunston Road , Haggerston",51.536585,-0.075885,2,38,43,2026-08-11T09:59:09.640472
BikePoints_718,"Ada Street, Hackney Central",51.535716,-0.060291,11,34,45,2026-08-11T09:59:09.640475
BikePoints_719,"Victoria Park Road, Hackney Central",51.536424,-0.054162,3,30,34,2026-08-11T09:59:09.640478
BikePoints_720,"Star Road, West Kensington",51.487244,-0.205279,0,23,23,2026-08-11T09:59:09.640480
BikePoints_721,"Wendon Street, Old Ford",51.536039,-0.026262,3,13,18,2026-08-11T09:59:09.640482
BikePoints_722,"Finnis Street, Bethnal Green",51.524583,-0.058631,2,16,19,2026-08-11T09:59:09.640484
BikePoints_723,"Stephendale Road, Sands End",51.46822,-0.190346,15,30,48,2026-08-11T09:59:09.640487
BikePoints_724,"Alma Road, Wandsworth",51.457991,-0.184806,15,10,28,2026-08-11T09:59:09.640489
BikePoints_725,"Walworth Square, Walworth",51.491327,-0.096518,1,22,24,2026-08-11T09:59:09.640491
BikePoints_726,"Alfreda Street, Battersea Park",51.47505,-0.150908,14,7,22,2026-08-11T09:59:09.640493
BikePoints_727,"Chesilton Road, Fulham",51.475698,-0.205876,7,13,23,2026-08-11T09:59:09.640495
BikePoints_728,"Putney Bridge Road, East Putney",51.461999,-0.20624,2,27,29,2026-08-11T09:59:09.640497
BikePoints_729,"St. Peter's Terrace, Fulham",51.478939,-0.208485,6,18,24,2026-08-11T09:59:09.640499
BikePoints_730,"Bridge Avenue, Hammersmith",51.492084,-0.229116,17,0,18,2026-08-11T09:59:09.640501
BikePoints_731,"Michael Road, Walham Green",51.477276,-0.18921,15,21,37,2026-08-11T09:59:09.640504
BikePoints_732,"Duke Street Hill, London Bridge",51.506304,-0.087262,15,4,21,2026-08-11T09:59:09.640506
BikePoints_733,"Park Lane, Mayfair",51.505426,-0.150817,7,8,18,2026-08-11T09:59:09.640509
BikePoints_734,"Plough Terrace, Clapham Junction",51.462305,-0.175407,18,10,31,2026-08-11T09:59:09.640511
BikePoints_735,"Grant Road East, Clapham Junction",51.464894,-0.173029,0,0,0,2026-08-11T09:59:09.640513
BikePoints_736,"Queensdale Road, Shepherd's Bush",51.50659,-0.216104,9,18,28,2026-08-11T09:59:09.640515
BikePoints_737,"Fulham Broadway, Walham Green",51.479932,-0.194116,21,1,26,2026-08-11T09:59:09.640517
BikePoints_738,"Imperial Road, Sands End",51.475142,-0.187278,2,35,37,2026-08-11T09:59:09.640521
BikePoints_739,"Hortensia Road, West Brompton",51.481765,-0.185273,8,19,28,2026-08-11T09:59:09.640524
BikePoints_740,"Sirdar Road, Avondale",51.510928,-0.214594,6,13,20,2026-08-11T09:59:09.640526
BikePoints_741,"Freston Road, Avondale",51.512981,-0.219486,11,7,23,2026-08-11T09:59:09.640529
BikePoints_742,"Blenheim Crescent, Ladbroke Grove",51.515108,-0.208565,7,8,22,2026-08-11T09:59:09.640531
BikePoints_743,"Oxford Road, Putney",51.460792,-0.212607,15,4,20,2026-08-11T09:59:09.640533
BikePoints_744,"Ingrave Street, Clapham Junction",51.467454,-0.172293,26,2,30,2026-08-11T09:59:09.640535
BikePoints_745,"Upcerne Road, West Chelsea",51.478169,-0.182435,25,4,29,2026-08-11T09:59:09.640538
BikePoints_746,"Lots Road, West Chelsea",51.479573,-0.179038,3,19,24,2026-08-11T09:59:09.640541
BikePoints_747,"Ormonde Gate, Chelsea",51.487964,-0.161765,4,19,24,2026-08-11T09:59:09.640543
BikePoints_748,"Hertford Road, De Beauvoir Town",51.537277,-0.079201,7,17,25,2026-08-11T09:59:09.640545
BikePoints_749,"Haggerston Road, Haggerston",51.539328,-0.074284,0,37,37,2026-08-11T09:59:09.640547
BikePoints_750,"Culvert Road, Battersea",51.471095,-0.15785,9,16,27,2026-08-11T09:59:09.640550
BikePoints_751,"Newton Street, Covent Garden",51.516128,-0.120909,9,14,24,2026-08-11T09:59:09.640552
BikePoints_752,"London Street, Paddington",51.515117,-0.173712,0,17,19,2026-08-11T09:59:09.640554
BikePoints_753,"Clapham South, Clapham South",51.452997,-0.148651,12,15,28,2026-08-11T09:59:09.640556
BikePoints_754,"Grenfell Road, Avondale",51.5129,-0.214762,3,17,24,2026-08-11T09:59:09.640559
BikePoints_755,"The Vale, Chelsea",51.485121,-0.174971,17,5,24,2026-08-11T09:59:09.640561
BikePoints_756,"Prince of Wales Drive, Battersea Park",51.475153,-0.159169,4,14,21,2026-08-11T09:59:09.640563
BikePoints_757,"Harcourt Terrace, West Brompton",51.487958,-0.187404,1,20,24,2026-08-11T09:59:09.640567
BikePoints_758,"Westbourne Park Road, Portobello",51.51787,-0.201005,2,21,23,2026-08-11T09:59:09.640569
BikePoints_759,"Broadley Terrace, Marylebone",51.524561,-0.165668,8,10,18,2026-08-11T09:59:09.640570
BikePoints_760,"Elgin Avenue, Maida Hill",51.524309,-0.201234,0,15,18,2026-08-11T09:59:09.640572
BikePoints_761,"Humbolt Road, Fulham",51.483217,-0.21186,13,12,26,2026-08-11T09:59:09.640575
BikePoints_762,"Storey's Gate, Westminster",51.500703,-0.129698,5,14,21,2026-08-11T09:59:09.640577
BikePoints_763,"Mile End Park Leisure Centre, Mile End",51.520597,-0.032566,32,11,47,2026-08-11T09:59:09.640579
BikePoints_764,"St. John's Road, Clapham Junction",51.462392,-0.168292,27,4,33,2026-08-11T09:59:09.640581
BikePoints_765,"Ranelagh Gardens, Fulham",51.467601,-0.206827,12,15,29,2026-08-11T09:59:09.640583
BikePoints_766,"Ram Street, Wandsworth",51.457529,-0.192165,17,7,25,2026-08-11T09:59:09.640585
BikePoints_767,"Santos Road, Wandsworth",51.457059,-0.200806,22,7,30,2026-08-11T09:59:09.640587
BikePoints_768,"Clapham Common North Side, Clapham Common",51.461343,-0.159322,17,17,37,2026-08-11T09:59:09.640589
BikePoints_769,"Sandilands Road, Walham Green",51.473611,-0.191803,9,10,21,2026-08-11T09:59:09.640591
BikePoints_770,"Gwendwr Road, West Kensington",51.491026,-0.209121,8,21,30,2026-08-11T09:59:09.640593
BikePoints_771,"Rifle Place, Avondale",51.509224,-0.216016,15,6,21,2026-08-11T09:59:09.640595
BikePoints_772,"Binfield Road, Stockwell",51.472509,-0.122831,11,24,35,2026-08-11T09:59:09.640597
BikePoints_773,"Tallis Street, Temple",51.511891,-0.107349,17,5,24,2026-08-11T09:59:09.640599
BikePoints_774,"Hurlingham Park, Parsons Green",51.470131,-0.20464,16,4,20,2026-08-11T09:59:09.640601
BikePoints_775,"Little Brook Green, Brook Green",51.496664,-0.223868,11,22,33,2026-08-11T09:59:09.640603
BikePoints_776,"Adeline Place, Bloomsbury",51.517632,-0.129985,13,7,22,2026-08-11T09:59:09.640606
BikePoints_779,"Houndsditch, Aldgate",51.514449,-0.077178,13,13,28,2026-08-11T09:59:09.640609
BikePoints_780,"Imperial Wharf Station, Sands End",51.474665,-0.183165,7,17,25,2026-08-11T09:59:09.640613
BikePoints_782,"Halford Road, West Kensington",51.483911,-0.197609,13,10,24,2026-08-11T09:59:09.640615
BikePoints_783,"Monier Road, Hackney Wick",51.540311,-0.02163,0,17,27,2026-08-11T09:59:09.640617
BikePoints_784,"East Village, Queen Elizabeth Olympic Park",51.546326,-0.009935,12,19,34,2026-08-11T09:59:09.640619
BikePoints_785,"Aquatic Centre, Queen Elizabeth Olympic Park",51.541482,-0.010437,15,2,30,2026-08-11T09:59:09.640621
BikePoints_786,"Lee Valley VeloPark, Queen Elizabeth Olympic Park",51.549369,-0.015717,5,37,44,2026-08-11T09:59:09.640623
BikePoints_787,"Timber Lodge, Queen Elizabeth Olympic Park",51.546805,-0.014691,27,5,35,2026-08-11T09:59:09.640625
BikePoints_788,"Copper Box Arena, Queen Elizabeth Olympic Park",51.544909,-0.020542,3,24,31,2026-08-11T09:59:09.640627
BikePoints_789,"Podium, Queen Elizabeth Olympic Park",51.538718,-0.011889,15,19,40,2026-08-11T09:59:09.640629
BikePoints_790,"Stratford Station, Stratford",51.541793,-0.00481,24,0,28,2026-08-11T09:59:09.640631
BikePoints_792,"Blackfriars Road, Southwark",51.505461,-0.10454,40,1,42,2026-08-11T09:59:09.640633
BikePoints_793,"Cromer Street, Bloomsbury",51.528279,-0.119558,5,20,28,2026-08-11T09:59:09.640635
BikePoints_795,"Euston Square Gardens, Euston",51.527068,-0.131861,3,25,30,2026-08-11T09:59:09.640638
BikePoints_796,"Coram Street, Bloomsbury",51.524,-0.126409,9,17,29,2026-08-11T09:59:09.640640
BikePoints_797,"Ossulston Street, Somers Town",51.5293,-0.128279,9,20,30,2026-08-11T09:59:09.640642
BikePoints_798,"Birkenhead Street, King's Cross",51.530199,-0.122299,2,23,27,2026-08-11T09:59:09.640644
BikePoints_799,"Kings Gate House, Westminster",51.497698,-0.137598,19,4,24,2026-08-11T09:59:09.640646
BikePoints_800,"Sopwith Way, Battersea Park",51.481121,-0.149035,9,17,30,2026-08-11T09:59:09.640647
BikePoints_801,"Lavington Street, Bankside",51.505224,-0.098031,24,3,29,2026-08-11T09:59:09.640651
BikePoints_802,"Albert Square, Stockwell",51.47659,-0.118256,13,17,32,2026-08-11T09:59:09.640653
BikePoints_803,"Southwark Street, Bankside",51.505409,-0.098341,8,13,23,2026-08-11T09:59:09.640656
BikePoints_804,"Good's Way, King's Cross",51.534667,-0.125078,22,2,27,2026-08-11T09:59:09.640659
BikePoints_805,"The Metropolitan, Portobello",51.520509,-0.200804,0,18,18,2026-08-11T09:59:09.640661
BikePoints_807,"Bevington Road West, North Kensington",51.5212,-0.208888,0,20,24,2026-08-11T09:59:09.640663
BikePoints_808,"Gauden Road, Clapham",51.464995,-0.130908,0,21,28,2026-08-11T09:59:09.640665
BikePoints_809,"Lincoln's Inn Fields, Holborn",51.516277,-0.118272,10,17,28,2026-08-11T09:59:09.640667
BikePoints_810,"Tate Modern, Bankside",51.506725,-0.098807,9,21,30,2026-08-11T09:59:09.640669
BikePoints_811,"Westferry Circus, Canary Wharf",51.505703,-0.027772,21,6,36,2026-08-11T09:59:09.640671
BikePoints_812,"Here East North, Queen Elizabeth Olympic Park",51.548731,-0.022606,8,17,28,2026-08-11T09:59:09.640673
BikePoints_813,"New Spring Gardens Walk, Vauxhall",51.487807,-0.122759,5,24,33,2026-08-11T09:59:09.640675
BikePoints_814,"Clapham Road, Lingham Street, Stockwell",51.471433,-0.12367,20,9,30,2026-08-11T09:59:09.640677
BikePoints_815,"Lambeth Palace Road, Waterloo",51.500089,-0.116628,28,6,35,2026-08-11T09:59:09.640679
BikePoints_816,"Here East South, Queen Elizabeth Olympic Park",51.546532,-0.020597,5,15,20,2026-08-11T09:59:09.640681
BikePoints_818,"Westminster Pier, Westminster",51.501513,-0.123823,21,2,27,2026-08-11T09:59:09.640683
BikePoints_819,"Belvedere Road 2, South Bank",51.50621,-0.114842,17,20,38,2026-08-11T09:59:09.640685
BikePoints_820,"Victory Place, Walworth",51.492807,-0.091938,1,21,24,2026-08-11T09:59:09.640687
BikePoints_821,"Battersea Power Station, Battersea Park",51.483507,-0.147714,25,1,27,2026-08-11T09:59:09.640689
BikePoints_826,"Allington Street, Victoria",51.496863,-0.142943,18,6,28,2026-08-11T09:59:09.640691
BikePoints_827,"Cranmer Road, Stockwell",51.479601,-0.111471,0,23,24,2026-08-11T09:59:09.640694
BikePoints_828,"Normandy Road, Stockwell",51.473874,-0.11258,2,29,32,2026-08-11T09:59:09.640696
BikePoints_829,"Wynne Road, Stockwell",51.469217,-0.112686,16,8,25,2026-08-11T09:59:09.640698
BikePoints_830,"Sidney Road, Stockwell",51.469202,-0.119022,0,25,27,2026-08-11T09:59:09.640701
BikePoints_831,"St John's Crescent, Brixton",51.466232,-0.113179,18,7,25,2026-08-11T09:59:09.640703
BikePoints_832,"Ferndale Road, Brixton",51.464019,-0.115781,7,20,30,2026-08-11T09:59:09.640705
BikePoints_833,"Saltoun Road, Brixton",51.460232,-0.115375,12,23,42,2026-08-11T09:59:09.640707
BikePoints_834,"Gas Holders, Battersea Park",51.477966,-0.147857,26,0,26,2026-08-11T09:59:09.640709
BikePoints_835,"Farringdon Street, Holborn",51.516785,-0.104947,23,2,25,2026-08-11T09:59:09.640711
BikePoints_836,"York Way, Kings Cross",51.541596,-0.125441,1,21,24,2026-08-11T09:59:09.640712
BikePoints_838,"Fore Street, Guildhall",51.518093,-0.091401,7,17,25,2026-08-11T09:59:09.640714
BikePoints_839,"Sea Containers, South Bank",51.508033,-0.106823,17,12,30,2026-08-11T09:59:09.640717
BikePoints_840,"George Row, Bermondsey",51.498585,-0.068981,0,20,22,2026-08-11T09:59:09.640719
BikePoints_841,"Tower Wharf, Bermondsey",51.500845,-0.074704,1,19,20,2026-08-11T09:59:09.640721
BikePoints_842,"Temple Gardens, Temple",51.510981,-0.108322,11,8,24,2026-08-11T09:59:09.640723
BikePoints_844,"Canada Water Station, Rotherhithe",51.498439,-0.04915,7,28,35,2026-08-11T09:59:09.640725
BikePoints_845,"Bermondsey Station, Bermondsey",51.497995,-0.063471,10,18,30,2026-08-11T09:59:09.640727
BikePoints_846,"Burgess Park Albany Road, Walworth",51.48224,-0.094284,11,17,30,2026-08-11T09:59:09.640730
BikePoints_847,"South Bermondsey Station, Bermondsey",51.488067,-0.057774,5,19,24,2026-08-11T09:59:09.640731
BikePoints_849,"Crimscott Street, Bermondsey",51.495598,-0.078893,0,13,19,2026-08-11T09:59:09.640734
BikePoints_850,"Brandon Street, Walworth",51.489102,-0.091548,4,17,22,2026-08-11T09:59:09.640736
BikePoints_851,"The Blue, Bermondsey",51.492221,-0.062513,1,18,22,2026-08-11T09:59:09.640738
BikePoints_852,"Coomer Place, West Kensington",51.48357,-0.202038,8,17,27,2026-08-11T09:59:09.640741
BikePoints_857,"Strand, Strand",51.512582,-0.115057,23,7,35,2026-08-11T09:59:09.640742
BikePoints_864,"Abbey Orchard Street, Westminster",51.498125,-0.132102,18,8,29,2026-08-11T09:59:09.640744
BikePoints_865,"Leonard Circus , Shoreditch",51.524696,-0.084439,32,10,43,2026-08-11T09:59:09.640746
BikePoints_866,"Limburg Road, Clapham Junction",51.461923,-0.165297,12,9,21,2026-08-11T09:59:09.640750
BikePoints_867,"Pritchard's Road, Bethnal Green",51.532091,-0.061419,11,19,30,2026-08-11T09:59:09.640752
BikePoints_868,"Kennington Lane Rail Bridge, Vauxhall",51.486343,-0.122492,3,27,31,2026-08-11T09:59:09.640754
BikePoints_869,"Albert Embankment, Vauxhall",51.490435,-0.122806,2,22,24,2026-08-11T09:59:09.640756
BikePoints_870,"Lower Marsh, Waterloo",51.500139,-0.113935,1,16,17,2026-08-11T09:59:09.640758
BikePoints_872,"Risinghill Street, Angel",51.533319,-0.111781,2,19,25,2026-08-11T09:59:09.640759
BikePoints_873,"St. Pancras Way, Camden Town",51.537071,-0.13285,1,19,20,2026-08-11T09:59:09.640762
BikePoints_874,"Handyside Street, King's Cross",51.53724,-0.124807,5,21,27,2026-08-11T09:59:09.640764
BikePoints_875,"Victoria Rise, Clapham Common",51.461376,-0.147804,3,18,23,2026-08-11T09:59:09.640766
BikePoints_876,"Old Quebec Street, Marylebone",51.514577,-0.158264,7,5,16,2026-08-11T09:59:09.640768
BikePoints_877,"Spencer Park, Wandsworth Common",51.45787,-0.174691,6,15,25,2026-08-11T09:59:09.640770
BikePoints_878,"Victoria & Albert Museum, South Kensington",51.495898,-0.173009,10,20,30,2026-08-11T09:59:09.640772
BikePoints_879,"BBC White City, White City",51.514767,-0.225786,29,1,36,2026-08-11T09:59:09.640774
BikePoints_881,"Albany Street, The Regent's Park",51.528302,-0.144465,12,14,27,2026-08-11T09:59:09.640779
BikePoints_882,"Maplin Street, Mile End",51.525501,-0.032267,30,3,39,2026-08-11T09:59:09.640781
BikePoints_883,"London Fields, Hackney Central",51.54119,-0.058826,11,9,21,2026-08-11T09:59:09.640783
BikePoints_884,"Westfield Ariel Way, White City",51.509158,-0.224103,39,0,42,2026-08-11T09:59:09.640785
BikePoints_885,"Gloucester Avenue, Camden Town",51.537349,-0.147154,0,24,24,2026-08-11T09:59:09.640787
BikePoints_887,"London Zoo Car Park, The Regent's Park",51.536922,-0.150181,2,34,36,2026-08-11T09:59:09.640789
BikePoints_888,"Norton Folgate, Liverpool Street",51.521113,-0.078869,18,0,23,2026-08-11T09:59:09.640791
BikePoints_889,"Horse Guards Avenue, Westminster",51.505031,-0.123,3,26,29,2026-08-11T09:59:09.640793
BikePoints_890,"Burdett Road, Mile End",51.516196,-0.029137,11,19,33,2026-08-11T09:59:09.640795
BikePoints_591,"Westfield Library Corner, Shepherd's Bush",51.506093,-0.224223,20,7,27,2026-08-11T09:59:09.640797
